seismic,seismoacoustic,shift,genergy,gpuls,gdenergy,gdpuls,ghazard,nbumps,nbumps2,nbumps3,nbumps4,nbumps5,energy,maxenergy,class
b,b,W,31854,304,-75,45,b,1,0,0,0,0,148,148,0
a,a,W,93136,683,29,65,a,0,0,1,0,0,54794,16561,1
a,a,W,45635,163,10,-23,a,1,0,0,0,0,345,345,0
b,a,N,2955,424,16,-15,a,0,0,0,0,0,0,0,0
b,a,N,44939,280,24,-21,b,0,1,0,0,0,4521,4521,0
a,c,N,14306,42,32,4,a,0,0,0,0,0,0,0,0
a,b,W,30686,723,-6,18,a,0,0,0,0,0,0,0,0
c,a,W,117424,38,22,2,c,0,1,0,0,0,2323,2323,0
a,a,N,66082,347,28,30,a,0,0,0,0,0,0,0,0
a,a,W,119397,439,67,-10,a,0,0,0,0,0,0,0,0
a,a,N,264745,43,-84,0,b,0,0,0,0,0,0,0,0
a,a,N,155148,531,49,54,a,0,0,1,0,0,57822,19499,1
a,a,N,19855,528,28,-8,c,0,1,0,0,0,3798,3798,0
a,c,W,46891,322,-46,20,b,0,0,0,0,0,0,0,0
a,a,W,6140,326,-10,49,a,0,1,0,0,0,2683,2683,0
a,a,N,31293,36,-52,2,a,0,0,0,0,0,0,0,0
a,a,W,64165,14,15,20,a,1,0,0,0,0,953,953,0
c,a,W,105051,19,72,19,b,0,1,0,0,0,2665,2665,0
a,a,W,1349,197,42,-13,a,0,1,0,0,0,6620,6620,0
a,a,N,22238,103,-7,4,a,1,0,0,0,0,496,496,0
a,b,N,11803,15,-25,18,a,0,0,0,0,0,0,0,0
a,a,N,36939,263,4,1,b,0,0,0,0,0,0,0,0
c,a,N,66720,17,-46,19,a,0,0,0,0,0,0,0,0
a,a,N,9121,59,-22,-19,a,0,0,0,0,0,0,0,0
a,b,W,24162,422,4,0,a,0,1,0,0,0,1284,1284,0
a,a,N,10566,236,-37,-15,b,0,0,0,0,0,0,0,0
a,a,W,8628,55,-34,-23,a,0,1,0,0,0,1947,1947,0
a,b,N,140940,234,-35,21,a,0,0,0,0,0,0,0,0
a,a,W,15819,758,-21,1,a,1,0,0,0,0,686,686,0
b,b,W,41991,361,-25,52,a,0,1,0,0,0,5335,5335,0
a,a,N,6046,960,13,-3,a,0,0,0,0,0,0,0,0
a,a,W,115742,300,65,-47,a,0,1,0,0,0,5280,5280,0
a,a,W,20847,23,28,-1,a,0,0,0,0,0,0,0,0
a,a,W,246947,426,-25,80,a,0,0,0,1,0,381223,140364,1
a,a,W,65752,1464,91,56,b,0,0,1,0,0,60622,25240,1
a,a,W,9656,194,5,-16,a,0,0,0,0,0,0,0,0
b,a,W,140045,73,40,-24,a,0,0,0,0,0,0,0,0
a,b,N,18600,926,-2,-31,b,0,1,0,0,0,6825,6825,0
a,a,W,45345,95,16,10,b,0,0,0,0,0,0,0,0
a,a,N,33339,551,-37,15,a,0,1,0,0,0,3068,3068,0
a,a,W,14584,575,-25,-20,c,0,0,0,0,0,0,0,0
a,a,W,19040,685,-22,-39,a,0,0,0,0,0,0,0,0
a,b,W,89195,1509,67,-7,c,0,0,0,0,0,0,0,0
a,b,W,4328,19,-55,25,a,0,0,0,0,0,0,0,0
a,a,W,55216,96,33,-6,a,0,0,0,0,0,0,0,0
a,a,W,82382,639,-45,0,a,0,0,0,0,0,0,0,0
a,a,W,2389,21,-32,17,c,1,0,0,0,0,385,385,0
a,a,W,20759,390,48,2,a,0,0,0,0,0,0,0,0
a,b,N,12619,140,-9,27,b,0,0,0,0,0,0,0,0
a,a,N,51405,529,12,-33,a,0,1,0,0,0,4394,4394,0
a,a,N,82073,733,-34,66,a,0,0,1,0,0,172499,56280,1
a,a,N,64238,131,31,-12,a,0,1,0,0,0,2365,2365,0
a,a,W,175494,996,84,53,a,0,1,0,0,0,19249,9161,1
a,a,W,28692,237,-20,0,a,0,1,0,0,0,1785,1785,0
b,b,W,127518,86,29,-4,a,0,0,0,0,0,0,0,0
c,b,N,2865,73,36,20,b,0,0,0,0,0,0,0,0
a,a,N,67033,174,-17,18,a,1,0,0,0,0,721,721,0
a,b,N,12083,50,-17,35,b,0,0,0,0,0,0,0,0
a,a,W,32260,334,3,-43,a,0,0,0,0,0,0,0,0
a,a,W,11959,307,-47,19,a,0,0,0,0,0,0,0,0
a,a,N,44863,436,-25,13,a,0,0,0,0,0,0,0,0
b,a,W,126673,188,-9,44,b,0,0,0,0,0,0,0,0
a,a,W,89838,365,-6,-1,a,0,1,0,0,0,2611,2611,0
c,b,W,2865,56,31,23,b,1,0,0,0,0,480,480,0
a,a,N,29899,891,38,-84,a,0,0,0,0,0,0,0,0
a,b,W,18142,721,-45,-8,b,0,0,0,0,0,0,0,0
b,b,N,43711,519,-69,33,b,0,0,0,0,0,0,0,0
b,a,N,13928,207,7,34,a,1,0,0,0,0,252,252,0
b,b,W,18678,52,31,37,a,0,1,0,0,0,4009,4009,0
a,a,W,113508,2284,61,43,a,0,0,1,0,0,85133,25404,1
a,a,W,67558,1213,-11,3,b,0,1,0,0,0,1977,1977,0
a,a,N,28859,111,20,-3,a,0,0,0,0,0,0,0,0
a,a,N,20707,641,-21,23,a,0,1,0,0,0,1860,1860,0
a,a,W,20844,356,-15,-31,a,1,0,0,0,0,808,808,0
c,a,W,141704,470,-10,-33,a,0,0,0,0,0,0,0,0
a,b,N,49652,42,0,-6,a,1,0,0,0,0,651,651,0
b,a,N,133188,42,45,-15,a,0,1,0,0,0,1587,1587,0
a,a,N,43674,174,5,-17,a,1,0,0,0,0,850,850,0
a,a,N,26455,414,6,1,b,0,1,0,0,0,1992,1992,0
b,a,N,33389,34,-3,-18,b,1,0,0,0,0,157,157,0
a,a,W,42652,193,35,25,a,1,0,0,0,0,193,193,0
a,b,N,33956,122,-4,-25,b,1,0,0,0,0,632,632,0
a,a,N,34159,81,11,-33,a,0,0,0,0,0,0,0,0
a,a,W,43272,351,18,-4,a,0,0,0,0,0,0,0,0
c,b,N,28330,852,-11,10,a,0,0,0,0,0,0,0,0
a,b,N,40065,1141,-25,29,c,1,0,0,0,0,214,214,0
a,a,W,78272,36,-13,-40,c,0,0,0,0,0,0,0,0
a,a,N,45987,12,58,13,a,0,0,0,0,0,0,0,0
a,b,W,43240,78,10,14,a,0,0,0,0,0,0,0,0
a,c,N,1484,95,-29,-46,a,0,0,0,0,0,0,0,0
a,a,N,9487,282,14,11,a,0,1,0,0,0,1806,1806,0
b,a,W,95456,245,-50,2,a,1,0,0,0,0,446,446,0
b,a,N,154820,113,4,19,a,0,0,0,0,0,0,0,0
a,a,N,28051,103,-12,34,a,1,0,0,0,0,919,919,0
a,c,W,73424,314,59,-19,a,0,1,0,0,0,3587,3587,0
a,a,N,97364,29,13,33,a,0,1,0,0,0,3483,3483,0
b,c,N,8858,277,23,0,a,0,0,0,0,0,0,0,0
a,a,N,4897,443,22,-3,a,0,1,0,0,0,1054,1054,0
a,c,N,5152,227,23,8,c,0,1,0,0,0,3088,3088,0
a,a,N,59893,356,56,-49,a,0,0,0,0,0,0,0,0
a,b,W,11297,417,-20,25,a,1,0,0,0,0,159,159,0
a,c,N,86783,926,-42,-19,a,1,0,0,0,0,791,791,0
a,a,N,10228,125,5,74,a,0,1,0,0,0,4677,4677,0
c,a,W,8542,597,-15,-51,a,0,0,0,0,0,0,0,0
a,a,W,19736,14,-29,13,a,0,0,0,0,0,0,0,0
a,a,W,42440,88,18,10,a,0,0,0,0,0,0,0,0
a,b,W,27566,477,-21,-31,a,1,0,0,0,0,704,704,0
a,a,N,4896,85,-26,-12,a,0,1,0,0,0,1464,1464,0
a,b,N,10777,103,3,11,c,1,0,0,0,0,817,817,0
a,a,N,29486,171,-25,42,a,0,0,0,0,0,0,0,0
b,a,N,50027,78,9,23,a,0,0,0,0,0,0,0,0
a,a,N,27612,46,-3,18,a,0,1,0,0,0,1860,1860,0
a,a,N,138691,225,-3,4,a,1,0,0,0,0,242,242,0
a,a,N,25810,173,12,21,b,0,0,0,0,0,0,0,0
a,b,W,19355,660,8,43,a,1,0,0,0,0,501,501,0
a,b,N,64301,526,-11,-16,a,0,0,0,0,0,0,0,0
a,a,W,27543,224,-2,25,a,0,0,0,0,0,0,0,0
a,a,W,3755,157,-26,-16,c,0,0,0,0,0,0,0,0
b,a,W,2501,205,-18,5,a,1,0,0,0,0,401,401,0
a,a,N,17476,498,-22,-2,a,0,1,0,0,0,1136,1136,0
a,a,N,46727,291,52,-7,a,0,1,0,0,0,2452,2452,0
a,a,W,38423,380,9,7,b,0,0,0,0,0,0,0,0
a,b,N,17351,309,-22,2,a,1,0,0,0,0,200,200,0
a,a,N,51912,272,40,-28,a,0,0,0,0,0,0,0,0
b,a,W,50731,14,-21,13,a,1,0,0,0,0,464,464,0
a,c,W,8590,673,19,-36,a,0,0,0,0,0,0,0,0
a,a,N,20868,456,-30,9,b,0,0,0,0,0,0,0,0
a,b,W,23480,388,-37,8,a,1,0,0,0,0,632,632,0
a,a,W,33050,603,-41,0,a,0,1,0,0,0,4059,4059,0
a,a,W,3803,367,16,-1,c,1,0,0,0,0,965,965,0
b,a,N,20740,249,5,13,a,0,0,0,0,0,0,0,0
a,a,N,14731,104,26,-32,a,1,0,0,0,0,423,423,0
a,a,W,61758,29,21,18,a,0,0,0,0,0,0,0,0
a,a,W,8276,37,-12,-12,a,0,1,0,0,0,2400,2400,0
a,a,N,157248,617,109,72,a,0,0,1,0,0,64296,21413,1
a,a,N,20611,77,10,7,a,0,0,0,0,0,0,0,0
a,a,N,11022,267,73,-29,a,1,0,0,0,0,139,139,0
a,b,N,13685,124,36,-14,a,0,0,0,0,0,0,0,0
b,b,N,30229,122,7,12,b,0,0,0,0,0,0,0,0
a,a,N,111519,420,0,6,b,0,0,1,0,0,54383,25917,1
a,c,W,57932,1470,36,74,a,0,0,1,0,0,103817,41013,1
b,a,W,30497,618,11,-52,b,1,0,0,0,0,953,953,0
a,a,W,9322,1639,-3,28,a,0,1,0,0,0,7939,7939,0
b,a,N,99429,220,35,29,b,0,0,0,0,0,0,0,0
a,b,W,17345,862,4,-12,a,0,0,0,0,0,0,0,0
a,b,W,129073,31,36,42,a,0,0,0,0,0,0,0,0
a,a,W,7918,376,19,-1,a,0,0,0,0,0,0,0,0
a,a,W,3188,356,25,12,a,0,0,0,0,0,0,0,0
a,a,W,57825,982,35,7,a,0,1,0,0,0,1535,1535,0
b,a,W,37009,34,-13,-3,a,0,1,0,0,0,2698,2698,0
a,a,W,2129,175,-41,15,b,1,0,0,0,0,176,176,0
a,a,N,42068,282,-4,5,a,0,0,0,0,0,0,0,0
a,a,W,47802,111,-18,-15,a,0,0,0,0,0,0,0,0
a,a,W,42128,287,-15,-4,b,0,0,0,0,0,0,0,0
a,b,N,711485,2287,43,53,a,0,0,1,0,0,94107,55856,1
a,a,W,10118,199,-3,-19,b,1,0,0,0,0,625,625,0
a,a,N,27416,1276,-51,-11,a,1,0,0,0,0,363,363,0
a,a,W,57032,128,-42,-32,a,1,0,0,0,0,711,711,0
c,c,N,13607,1121,-12,-23,a,1,0,0,0,0,372,372,0
a,a,W,70998,60,15,21,b,1,0,0,0,0,172,172,0
c,a,W,34610,60,-34,0,a,0,1,0,0,0,1302,1302,0
a,a,W,35235,105,9,0,a,0,0,0,0,0,0,0,0
a,a,W,18629,386,52,-8,a,1,0,0,0,0,662,662,0
b,a,W,30889,340,5,-25,b,0,0,0,0,0,0,0,0
a,a,N,51709,856,51,-1,a,0,0,0,0,0,0,0,0
b,a,W,24743,208,6,-6,a,0,0,0,0,0,0,0,0
a,a,N,5602,369,-7,-7,a,0,1,0,0,0,1076,1076,0
b,a,W,106876,67,32,0,a,0,0,0,0,0,0,0,0
a,a,W,19041,1064,-26,10,a,0,0,0,0,0,0,0,0
a,c,W,30610,71,-77,-6,a,1,0,0,0,0,653,653,0
a,b,N,82725,287,-33,5,a,0,0,0,0,0,0,0,0
b,a,N,17424,489,37,-21,a,0,0,0,0,0,0,0,0
a,a,N,30802,133,-20,-16,a,0,0,0,0,0,0,0,0
a,b,N,73521,96,40,41,a,0,0,0,0,0,0,0,0
a,b,N,2924,151,-62,-14,a,1,0,0,0,0,528,528,0
a,b,W,4446,209,4,14,a,0,0,0,0,0,0,0,0
a,a,W,91437,472,47,-5,a,0,0,0,0,0,0,0,0
a,a,N,6873,210,10,4,b,0,0,0,0,0,0,0,0
a,c,N,129832,1727,115,86,a,0,0,1,0,0,31492,24141,1
a,c,W,37405,87,15,98,a,0,1,0,0,0,2217,2217,0
b,a,W,2804,20,19,18,a,0,1,0,0,0,1602,1602,0
a,c,N,9494,132,7,-22,a,0,0,0,0,0,0,0,0
a,b,N,12548,67,57,21,a,1,0,0,0,0,955,955,0
a,a,W,9284,253,-5,16,a,0,1,0,0,0,3882,3882,0
a,a,N,3395,15,-7,-11,a,0,1,0,0,0,3507,3507,0
a,a,W,19980,113,15,4,b,1,0,0,0,0,807,807,0
b,a,N,11799,293,26,-37,b,0,1,0,0,0,2269,2269,0
a,c,N,33037,221,26,36,a,0,0,0,0,0,0,0,0
a,a,W,162564,122,25,-11,a,1,0,0,0,0,830,830,0
a,b,W,4262,1447,-14,-28,a,0,1,0,0,0,1557,1557,0
b,b,N,93395,29,-30,23,a,1,0,0,0,0,193,193,0
a,a,W,15618,188,-5,-40,a,0,0,0,0,0,0,0,0
a,a,N,38955,427,-16,-21,a,0,1,0,0,0,2803,2803,0
a,a,N,5267,861,19,-27,a,0,0,0,0,0,0,0,0
a,a,W,19538,164,-24,25,b,0,1,0,0,0,4318,4318,0
a,a,W,13426,43,-15,-26,a,0,1,0,0,0,1159,1159,0
a,a,W,20671,543,-30,0,a,1,0,0,0,0,255,255,0
a,a,N,41116,908,-36,-5,a,0,0,0,0,0,0,0,0
a,a,W,5338,247,-27,4,a,0,1,0,0,0,4654,4654,0
b,a,W,73230,232,-49,-24,a,0,1,0,0,0,2405,2405,0
a,a,W,1380,535,-21,-6,a,0,0,0,0,0,0,0,0
a,c,N,31788,86,12,52,a,0,1,0,0,0,4520,4520,0
a,a,W,4814,66,-47,9,a,0,0,0,0,0,0,0,0
a,b,W,20280,483,-57,-21,a,1,0,0,0,0,64,64,0
a,c,W,2808,26,-32,5,a,0,0,0,0,0,0,0,0
a,b,W,41851,694,-64,-8,a,0,1,0,0,0,2734,2734,0
a,a,N,16760,501,8,-7,a,1,0,0,0,0,795,795,0
a,b,N,16529,742,36,-11,a,0,1,0,0,0,1667,1667,0
a,a,N,61729,155,-15,5,a,0,0,0,0,0,0,0,0
a,a,N,20111,286,-34,-7,a,0,1,0,0,0,5532,5532,0
b,b,W,38390,1073,-13,13,a,0,1,0,0,0,1651,1651,0
a,a,N,10565,225,-17,5,a,0,0,0,0,0,0,0,0
a,c,W,16329,249,-3,-7,a,0,1,0,0,0,1032,1032,0
a,a,N,21179,698,-32,-44,b,0,0,0,0,0,0,0,0
b,a,W,40426,332,13,-43,a,0,0,0,0,0,0,0,0
a,a,W,2035,723,-45,8,b,1,0,0,0,0,339,339,0
a,b,W,25430,404,-67,-16,a,0,0,0,0,0,0,0,0
a,a,N,14322,110,59,8,b,1,0,0,0,0,191,191,0
a,b,N,20579,404,7,-9,b,0,0,0,0,0,0,0,0
a,a,N,25293,180,-58,3,a,1,0,0,0,0,574,574,0
a,a,W,30787,128,16,20,a,0,0,0,0,0,0,0,0
a,a,N,42755,127,39,-29,a,0,0,0,0,0,0,0,0
a,a,W,58293,889,-25,54,a,0,1,0,0,0,1022,1022,0
a,a,N,54024,1822,-21,9,b,1,0,0,0,0,424,424,0
a,a,N,98622,69,-3,-67,a,0,0,0,0,0,0,0,0
a,a,N,88087,459,44,-11,b,1,0,0,0,0,279,279,0
a,b,N,455838,355,111,117,a,0,0,1,0,0,32261,20484,1
b,a,N,10321,17,-32,-22,a,0,0,0,0,0,0,0,0
a,a,W,12492,107,-57,32,c,1,0,0,0,0,73,73,0
a,a,N,2017,272,-32,-20,a,1,0,0,0,0,22,22,0
a,a,N,42873,145,-52,8,a,0,1,0,0,0,1670,1670,0
a,a,N,44257,105,-42,1,a,0,0,0,0,0,0,0,0
a,a,W,4424,168,-21,-17,b,0,0,0,0,0,0,0,0
b,a,N,60497,809,4,-12,a,1,0,0,0,0,200,200,0
a,a,N,12855,108,0,-16,b,0,0,0,0,0,0,0,0
a,a,W,21425,132,-43,6,a,0,1,0,0,0,1003,1003,0
b,a,N,9187,115,-13,-17,a,0,0,0,0,0,0,0,0
a,a,W,16678,167,9,30,a,0,0,0,0,0,0,0,0
b,b,W,15412,497,15,-8,a,1,0,0,0,0,566,566,0
a,a,N,80113,115,25,8,a,0,0,0,0,0,0,0,0
a,b,W,326363,432,88,132,a,0,0,1,0,0,38490,27718,1
a,b,N,51401,5747,79,-43,a,0,1,0,0,0,12877,8762,1
a,a,W,7481,140,-12,17,a,0,0,0,0,0,0,0,0
b,b,N,23067,299,46,27,a,0,1,0,0,0,1059,1059,0
a,a,W,25309,320,27,13,a,0,0,0,0,0,0,0,0
a,b,W,29432,463,-5,-41,a,1,0,0,0,0,32,32,0
b,a,W,24720,75,-23,20,a,0,0,0,0,0,0,0,0
a,a,N,406197,380,51,91,a,0,0,1,0,0,31320,11365,1
b,a,W,207359,1359,1,123,b,0,0,1,0,0,67301,36684,1
b,b,N,52223,86,34,-31,a,0,1,0,0,0,2357,2357,0
a,a,N,37968,96,32,8,b,0,0,0,0,0,0,0,0
a,b,W,2611,407,-47,42,a,1,0,0,0,0,835,835,0
a,b,N,5729,18,-32,47,a,0,0,0,0,0,0,0,0
a,a,N,28803,67,-12,31,a,0,0,0,0,0,0,0,0
b,a,W,58392,278,-23,0,a,0,0,0,0,0,0,0,0
a,a,N,4296,285,26,17,a,1,0,0,0,0,833,833,0
a,a,N,978789,1366,84,98,a,0,0,1,0,0,43632,17200,1
a,b,W,11238,433,35,35,b,0,0,0,0,0,0,0,0
a,c,W,32502,14,-2,-79,a,0,1,0,0,0,2609,2609,0
a,b,W,14408,684,-11,6,a,0,1,0,0,0,2070,2070,0
a,c,W,1001,383,39,5,a,0,0,0,0,0,0,0,0
a,a,N,132223,1566,48,12,a,0,0,0,1,0,277357,120375,1
b,a,N,6198,35,42,-62,a,0,1,0,0,0,3540,3540,0
a,b,N,73395,1635,-7,-49,a,0,0,0,0,0,0,0,0
b,b,W,14411,211,-23,-9,a,0,1,0,0,0,3925,3925,0
a,a,N,36026,51,-47,11,a,0,1,0,0,0,1727,1727,0
a,a,W,58054,176,-35,11,a,0,0,0,0,0,0,0,0
b,b,N,1910,110,-19,17,a,0,0,0,0,0,0,0,0
a,a,W,9967,250,76,-16,a,0,0,0,0,0,0,0,0
b,a,N,28283,36,0,11,a,0,0,0,0,0,0,0,0
a,a,N,3415,24,0,-14,a,0,0,0,0,0,0,0,0
a,c,W,41913,97,-33,3,a,1,0,0,0,0,735,735,0
b,b,N,79430,33,17,-23,b,0,1,0,0,0,4766,4766,0
a,b,N,29454,143,9,4,a,0,1,0,0,0,4845,4845,0
a,a,N,130363,547,-28,40,a,1,0,0,0,0,721,721,0
a,a,N,50406,191,43,6,b,0,1,0,0,0,1063,1063,0
b,a,W,14394,270,-5,-12,a,0,0,0,0,0,0,0,0
b,c,N,25677,62,9,0,a,0,0,0,0,0,0,0,0
a,a,W,1006,295,-15,4,a,0,1,0,0,0,1916,1916,0
c,a,W,59818,856,-15,-12,b,0,1,0,0,0,2092,2092,0
a,b,W,11655,233,-25,-9,a,0,0,0,0,0,0,0,0
b,a,N,18400,63,-29,17,a,0,0,0,0,0,0,0,0
a,c,W,2500,145,33,-14,a,1,0,0,0,0,207,207,0
a,a,W,28199,34,-8,-7,a,0,1,0,0,0,1668,1668,0
b,a,W,74852,255,-22,4,a,0,0,0,0,0,0,0,0
a,a,N,99218,432,-18,-25,a,0,1,0,0,0,1766,1766,0
c,b,N,55858,752,5,-2,b,1,0,0,0,0,891,891,0
a,b,W,5647,634,46,-39,b,0,0,0,0,0,0,0,0
a,a,W,57626,200,5,11,a,0,1,0,0,0,1098,1098,0
b,a,N,23973,507,25,-8,a,0,0,0,0,0,0,0,0
c,b,W,1454,87,59,-20,a,0,0,0,0,0,0,0,0
a,a,N,17785,26,48,-6,a,0,0,0,0,0,0,0,0
a,a,W,83584,551,9,30,a,0,0,0,0,0,0,0,0
b,a,N,16244,492,-1,18,a,0,1,0,0,0,1617,1617,0
b,b,N,21631,14,68,22,a,0,0,0,0,0,0,0,0
a,a,N,9718,304,13,10,a,0,0,0,0,0,0,0,0
a,a,W,55248,109,-17,5,b,0,0,0,0,0,0,0,0
b,c,W,21408,63,16,-36,a,1,0,0,0,0,407,407,0
a,a,N,18020,588,32,-9,b,0,0,0,0,0,0,0,0
c,a,N,6496,221,31,68,a,0,0,0,0,0,0,0,0
a,a,W,183630,77,63,14,a,0,0,0,0,0,0,0,0
a,c,N,2632,885,21,-1,a,0,1,0,0,0,3692,3692,0
a,b,W,145799,487,-21,-32,a,0,1,0,0,0,2827,2827,0
a,a,N,160491,355,29,-30,b,0,1,0,0,0,5951,5951,0
a,b,N,7516,27,-79,-8,a,1,0,0,0,0,804,804,0
c,a,W,49373,740,131,83,a,0,0,1,0,0,24782,12872,1
a,c,W,18481,91,-37,12,a,1,0,0,0,0,203,203,0
b,a,N,32009,45,-5,-8,a,1,0,0,0,0,806,806,0
a,b,W,16074,467,3,1,c,0,0,0,0,0,0,0,0
b,a,N,46858,211,-17,26,a,0,0,0,0,0,0,0,0
a,a,W,46939,173,-22,0,b,0,0,0,0,0,0,0,0
a,b,N,7998,955,38,-55,a,0,0,0,0,0,0,0,0
a,a,W,19039,229,38,15,a,0,0,1,0,0,11325,11325,0
a,a,W,968345,263,0,125,a,0,0,1,0,0,60855,40749,1
c,b,N,19412,141,-78,-13,b,0,0,0,0,0,0,0,0
a,a,N,16500,280,-33,14,b,0,0,0,0,0,0,0,0
a,a,N,14242,86,-1,-4,b,0,0,0,0,0,0,0,0
a,c,N,54028,258,-16,38,a,0,0,0,0,0,0,0,0
a,a,N,8624,225,-11,-15,a,0,0,0,0,0,0,0,0
a,a,N,20011,284,-24,-43,a,0,0,0,0,0,0,0,0
a,b,W,84514,93,19,3,a,0,0,0,0,0,0,0,0
a,c,N,7707,201,-26,34,a,1,0,0,0,0,191,191,0
c,a,N,5688,97,28,4,a,0,0,0,0,0,0,0,0
a,a,N,32803,508,-30,-21,a,0,1,0,0,0,1123,1123,0
a,b,N,116394,465,49,104,a,0,0,1,0,0,28629,12997,1
b,a,W,32553,277,2,-32,b,0,0,0,0,0,0,0,0
a,a,N,9427,109,-47,37,b,0,0,0,0,0,0,0,0
b,b,N,70694,120,-3,24,a,0,0,0,0,0,0,0,0
a,a,W,30101,336,-11,-7,a,0,0,0,0,0,0,0,0
a,a,W,36611,125,-24,-17,a,1,0,0,0,0,117,117,0
c,a,N,6202,597,20,-6,a,0,1,0,0,0,1386,1386,0
a,a,W,2439,225,16,4,a,0,1,0,0,0,2281,2281,0
a,a,N,13653,466,-13,-22,a,0,0,0,0,0,0,0,0
a,a,W,2960,70,-41,8,a,0,1,0,0,0,6716,6716,0
a,b,W,25573,122,31,-35,a,0,1,0,0,0,1115,1115,0
b,b,W,18778,12,3,1,b,0,1,0,0,0,1482,1482,0
a,a,W,17184,427,12,-22,a,0,0,0,0,0,0,0,0
b,a,W,36910,17,-29,0,a,0,1,0,0,0,3102,3102,0
a,b,N,11000,124,23,2,a,0,1,0,0,0,3309,3309,0
c,a,N,72763,471,9,3,a,1,0,0,0,0,639,639,0
a,a,W,41159,130,-22,-19,a,0,1,0,0,0,1388,1388,0
a,b,W,13787,29,35,-31,a,0,0,0,0,0,0,0,0
a,a,W,49776,511,18,14,b,0,1,0,0,0,5828,5828,0
a,a,N,151841,283,16,-9,a,1,0,0,0,0,171,171,0
b,c,N,7473,26,-1,-1,a,0,0,0,0,0,0,0,0
a,a,N,8571,525,18,-21,a,0,0,0,0,0,0,0,0
a,a,W,26046,288,-4,16,a,0,0,0,0,0,0,0,0
b,a,N,23140,376,10,15,a,0,0,0,0,0,0,0,0
b,a,W,5180,167,-6,-14,a,0,0,0,0,0,0,0,0
a,b,W,70443,89,-4,7,a,0,1,0,0,0,2376,2376,0
b,b,W,53286,159,-2,3,a,1,0,0,0,0,299,299,0
a,a,W,3023,98,-81,23,b,0,0,0,0,0,0,0,0
a,a,N,75184,221,-4,-15,a,0,1,0,0,0,1417,1417,0
a,c,N,23486,190,-49,-44,a,0,1,0,0,0,4067,4067,0
c,a,W,54809,75,-25,10,a,0,1,0,0,0,3432,3432,0
a,a,W,12345,24,26,-41,a,0,0,0,0,0,0,0,0
a,a,W,192001,181,33,-48,a,0,1,0,0,0,5068,5068,0
b,a,W,23800,604,-21,13,a,0,0,0,0,0,0,0,0
a,a,W,68084,333,65,85,a,0,0,1,0,0,59235,40186,1
b,a,W,26138,138,-29,19,a,1,0,0,0,0,939,939,0
b,b,N,49433,759,-3,-11,a,1,0,0,0,0,228,228,0
c,b,N,57753,135,5,4,a,0,0,0,0,0,0,0,0
a,a,N,52926,344,8,0,a,1,0,0,0,0,64,64,0
a,a,W,24105,1310,10,6,a,0,1,0,0,0,2809,2809,0
b,a,N,136541,2634,115,63,a,0,0,1,0,0,30738,15767,1
a,a,N,108801,48,-31,-19,a,1,0,0,0,0,36,36,0
a,a,N,92881,334,0,76,b,0,0,1,0,0,28466,13179,1
a,a,N,17554,636,7,42,a,0,0,0,0,0,0,0,0
a,a,N,65139,134,-31,-29,b,0,1,0,0,0,2468,2468,0
b,a,W,7281,468,-28,-29,a,1,0,0,0,0,261,261,0
a,c,W,1734,439,-24,2,a,0,0,0,0,0,0,0,0
a,a,W,109888,95,-23,-69,a,0,1,0,0,0,3927,3927,0
a,a,N,9351,46,-4,5,a,0,1,0,0,0,3620,3620,0
a,a,W,12701,112,-10,39,a,1,0,0,0,0,946,946,0
a,a,N,32396,372,43,0,a,0,0,0,0,0,0,0,0
a,b,W,48076,321,39,-11,a,0,0,0,0,0,0,0,0
a,a,N,9718,71,-11,-3,a,0,0,0,0,0,0,0,0
a,b,N,7907,159,38,0,a,0,0,0,0,0,0,0,0
b,a,W,25834,300,35,-36,a,0,0,0,0,0,0,0,0
a,b,W,8462,57,21,13,b,0,0,0,0,0,0,0,0
a,a,N,42740,783,31,-35,a,0,0,0,0,0,0,0,0
c,a,N,16399,58,-47,7,a,0,1,0,0,0,1814,1814,0
a,a,W,20429,1040,35,41,b,0,0,0,0,0,0,0,0
b,a,W,42684,145,-3,-34,a,0,0,0,0,0,0,0,0
a,a,N,23387,152,38,-27,a,0,0,0,0,0,0,0,0
a,a,W,1898,361,-25,33,a,1,0,0,0,0,759,759,0
b,b,W,4188,77,-16,-6,a,0,1,0,0,0,1577,1577,0
a,a,W,85600,11,-16,26,b,0,1,0,0,0,1322,1322,0
b,a,W,5137,263,9,41,a,0,1,0,0,0,1742,1742,0
b,a,N,76540,252,-27,26,a,0,1,0,0,0,1529,1529,0
a,a,N,209650,519,177,62,a,0,0,1,0,0,160087,63235,1
a,a,N,2961,123,22,-20,a,0,1,0,0,0,1383,1383,0
b,a,W,89055,175,33,10,a,1,0,0,0,0,837,837,0
a,a,N,8389,757,20,14,a,0,1,0,0,0,1612,1612,0
b,b,N,15641,180,-49,26,a,0,0,0,0,0,0,0,0
a,a,W,28529,22,-3,-14,a,0,0,0,0,0,0,0,0
a,a,W,40203,189,-11,58,a,0,1,0,0,0,2764,2764,0
a,a,N,38934,84,30,-21,b,1,0,0,0,0,239,239,0
a,a,N,24062,83,47,-36,a,0,0,0,0,0,0,0,0
a,a,W,58324,116,-30,21,a,0,0,0,0,0,0,0,0
a,a,W,21716,49,-41,-29,a,1,0,0,0,0,461,461,0
a,a,W,18168,54,20,38,b,0,1,0,0,0,2680,2680,0
a,a,W,46989,450,12,-4,a,0,1,0,0,0,7410,7410,0
a,a,W,26375,216,30,-13,a,1,0,0,0,0,393,393,0
b,a,N,32835,160,-40,9,a,0,1,0,0,0,1282,1282,0
a,a,N,67728,36,-8,-31,a,0,0,0,0,0,0,0,0
a,a,N,7332,377,-12,-18,a,0,0,0,0,0,0,0,0
a,a,N,26548,423,12,22,a,0,1,0,0,0,3622,3622,0
a,b,W,21007,928,39,3,a,0,1,0,0,0,2540,2540,0
a,b,W,4741,480,60,32,a,0,0,0,0,0,0,0,0
a,a,N,7363,153,-29,5,a,0,1,0,0,0,1920,1920,0
a,a,W,68299,1782,63,-12,a,0,0,1,0,0,16435,13076,1
a,a,N,96499,878,86,36,b,0,0,1,0,0,49734,16199,1
a,a,N,11419,456,-22,48,a,0,0,0,0,0,0,0,0
c,c,N,12340,255,-7,21,a,0,0,0,0,0,0,0,0
a,a,N,12882,396,-62,-8,a,0,0,0,0,0,0,0,0
a,b,N,89635,13,-5,-11,b,0,1,0,0,0,1609,1609,0
a,a,N,40096,133,-2,-39,a,0,0,0,0,0,0,0,0
a,b,W,20621,33,21,-13,b,1,0,0,0,0,224,224,0
a,b,W,17618,1201,-2,-14,a,0,0,0,0,0,0,0,0
a,b,N,66025,101,30,8,a,0,1,0,0,0,1095,1095,0
b,a,N,15873,328,-8,-20,a,1,0,0,0,0,862,862,0
a,b,N,4667,446,21,68,a,0,1,0,0,0,6778,6778,0
a,a,W,12721,228,-34,-70,a,0,1,0,0,0,3770,3770,0
a,b,W,50626,109,-28,-4,b,1,0,0,0,0,765,765,0
a,a,W,7602,247,-23,-30,a,1,0,0,0,0,359,359,0
a,a,N,67880,255,7,9,a,0,1,0,0,0,1446,1446,0
a,c,W,27636,601,13,4,a,0,0,0,0,0,0,0,0
a,b,N,31003,50,-13,10,c,0,1,0,0,0,1743,1743,0
a,b,W,27976,73,-11,-19,a,0,0,0,0,0,0,0,0
a,a,N,8888,728,27,-36,a,0,1,0,0,0,2857,2857,0
a,c,N,6888,150,-13,2,a,1,0,0,0,0,469,469,0
a,b,N,14817,199,-11,11,a,0,0,0,0,0,0,0,0
a,a,W,107349,135,-10,1,a,0,1,0,0,0,8509,8509,0
a,c,W,2226,187,0,-13,a,0,1,0,0,0,3392,3392,0
a,a,W,19056,311,-32,35,b,0,0,0,0,0,0,0,0
a,a,N,98424,106,20,5,b,1,0,0,0,0,807,807,0
a,a,N,210956,19,-4,-15,a,0,0,0,0,0,0,0,0
a,a,W,12632,118,-3,-9,a,0,1,0,0,0,8142,8142,0
a,a,W,19180,91,-6,5,a,0,0,0,0,0,0,0,0
a,a,N,104267,84,-8,64,a,0,0,0,0,0,0,0,0
b,a,N,70760,583,34,10,a,0,0,1,0,0,45318,16621,1
a,a,W,5404,933,50,25,a,0,1,0,0,0,4013,4013,0
a,a,N,20025,372,3,-1,b,0,0,0,0,0,0,0,0
a,a,W,5916,488,-1,8,a,0,0,0,0,0,0,0,0
a,a,W,170468,3138,123,72,a,0,0,1,0,0,126182,39580,1
a,a,N,154879,1023,39,58,a,0,0,1,0,0,49770,20196,1
a,b,W,19894,640,-16,23,b,0,0,0,0,0,0,0,0
a,b,W,18978,219,-28,-15,a,0,0,0,0,0,0,0,0
b,a,N,5836,116,-5,-16,a,0,0,0,0,0,0,0,0
b,a,W,61124,12,54,-8,b,0,0,0,0,0,0,0,0
a,a,W,145105,25,3,9,a,1,0,0,0,0,203,203,0
a,a,N,51815,34,-2,-27,a,1,0,0,0,0,96,96,0
a,c,N,33589,177,-29,3,a,1,0,0,0,0,54,54,0
b,a,W,33911,262,-71,-12,b,0,1,0,0,0,3140,3140,0
a,a,W,77444,683,29,2,a,0,0,0,0,0,0,0,0
a,a,N,11667,201,-20,-39,c,0,0,0,0,0,0,0,0
a,c,N,236184,26,50,-9,b,0,0,0,0,0,0,0,0
a,a,W,16497,29,-7,-13,a,1,0,0,0,0,154,154,0
a,a,W,119928,878,34,-14,a,0,0,0,0,0,0,0,0
a,a,W,35349,842,-9,0,a,0,1,0,0,0,2277,2277,0
a,a,W,11426,189,12,-8,a,0,0,0,0,0,0,0,0
a,b,N,110200,91,0,29,a,0,1,0,0,0,4284,4284,0
a,a,N,33355,87,-15,-6,a,0,1,0,0,0,1569,1569,0
a,a,N,243473,421,77,-13,a,0,0,1,0,0,169010,55737,1
a,a,N,15436,376,-51,0,b,0,0,0,0,0,0,0,0
a,a,W,1319,323,29,32,b,0,1,0,0,0,1431,1431,0
a,a,N,73092,93,-25,35,a,0,0,0,0,0,0,0,0
b,a,W,4395,193,-19,9,a,0,0,0,0,0,0,0,0
a,a,W,209751,1209,105,77,b,0,0,1,0,0,50584,26036,1
a,a,N,77941,62,28,-22,b,0,0,0,0,0,0,0,0
a,a,N,54547,310,15,22,a,0,0,1,0,0,47064,20205,1
b,b,W,14535,74,45,1,a,1,0,0,0,0,740,740,0
b,b,N,26871,317,34,24,a,0,0,0,0,0,0,0,0
a,b,W,33717,37,9,0,a,0,1,0,0,0,2259,2259,0
a,a,W,103698,853,56,104,a,0,0,1,0,0,70854,37053,1
a,a,N,98223,349,-16,-28,c,0,0,0,0,0,0,0,0
a,a,W,34887,246,-29,23,b,0,0,0,0,0,0,0,0
a,a,N,302127,1787,24,61,a,0,1,0,0,0,26129,8185,1
a,b,N,72837,172,-5,-11,a,0,0,0,0,0,0,0,0
a,b,N,11861,221,-32,12,a,0,1,0,0,0,3007,3007,0
a,b,W,10257,312,-51,-22,a,0,0,0,0,0,0,0,0
a,a,N,42374,446,7,7,a,0,0,0,0,0,0,0,0
a,b,W,145526,731,20,-28,b,0,0,0,0,0,0,0,0
b,c,N,33927,749,54,-45,a,1,0,0,0,0,340,340,0
a,a,W,1072,100,5,23,a,0,1,0,0,0,1460,1460,0
a,a,W,35962,229,-54,-11,a,0,0,0,0,0,0,0,0
a,a,W,93899,49,-7,-41,a,0,1,0,0,0,2113,2113,0
a,a,W,70747,3403,45,71,b,0,0,1,0,0,174794,58567,1
a,b,W,58751,448,0,-14,a,1,0,0,0,0,241,241,0
a,a,N,51652,102,2,-8,a,0,0,0,0,0,0,0,0
a,a,W,3973,181,-14,-40,b,1,0,0,0,0,692,692,0
b,a,N,244548,84,-71,51,a,1,0,0,0,0,217,217,0
b,a,N,4949,324,23,32,a,0,0,0,0,0,0,0,0
b,a,N,14279,301,-12,-15,a,0,0,0,0,0,0,0,0
a,c,N,18017,869,13,-76,a,0,0,0,0,0,0,0,0
a,a,W,30716,818,-27,-24,a,0,1,0,0,0,3906,3906,0
a,b,N,94411,17,-13,-34,a,0,0,0,0,0,0,0,0
b,b,N,121927,276,100,72,a,0,0,1,0,0,24794,10406,1
a,a,N,184458,603,90,112,a,0,0,1,0,0,75186,44512,1
b,c,N,4571,29,-3,-15,b,0,1,0,0,0,1796,1796,0
a,a,N,23156,801,20,-3,a,0,1,0,0,0,2049,2049,0
b,a,N,15449,745,41,-27,b,0,0,0,0,0,0,0,0
a,a,W,38988,386,38,-30,a,1,0,0,0,0,624,624,0
a,a,W,4786,13,-3,24,a,0,0,0,0,0,0,0,0
b,a,W,22521,34,83,0,a,0,1,0,0,0,2221,2221,0
a,b,N,6166,842,-40,5,a,0,0,0,0,0,0,0,0
c,a,N,4760,736,3,45,a,0,1,0,0,0,3435,3435,0
b,a,N,212540,1449,139,87,a,0,0,1,0,0,78344,26719,1
c,b,W,46497,621,3,-15,b,0,0,0,0,0,0,0,0
a,b,N,65216,15,-53,8,b,1,0,0,0,0,100,100,0
a,a,N,184900,1029,35,46,a,0,0,0,0,0,0,0,0
a,a,W,48375,347,29,-27,a,1,0,0,0,0,461,461,0
b,a,N,13775,437,-34,11,a,0,0,0,0,0,0,0,0
a,a,W,4908,512,32,13,a,0,1,0,0,0,1729,1729,0
a,a,N,40104,216,-41,26,b,0,1,0,0,0,6003,6003,0
a,b,N,111928,20,19,17,a,0,0,0,0,0,0,0,0
b,a,N,9594,301,-13,-9,a,0,0,0,0,0,0,0,0
b,a,W,301115,1083,85,26,a,0,0,1,0,0,119235,68699,1
a,b,N,6967,355,26,0,a,0,0,0,0,0,0,0,0
a,a,W,93095,64,-28,-33,a,1,0,0,0,0,4,4,0
a,a,N,30101,97,-6,6,a,0,0,0,0,0,0,0,0
a,a,W,574765,526,79,7,a,0,0,1,0,0,88122,31777,1
a,b,N,8385,230,-17,-6,a,0,0,0,0,0,0,0,0
a,b,W,6436,43,-5,-23,a,0,0,0,0,0,0,0,0
a,b,W,22075,406,-14,26,a,0,1,0,0,0,3665,3665,0
b,a,N,38330,241,12,-69,b,0,1,0,0,0,2260,2260,0
a,b,W,6302,175,32,29,b,1,0,0,0,0,836,836,0
a,a,W,137842,1282,-10,14,b,0,0,0,0,0,0,0,0
b,a,W,9858,593,-31,48,c,0,1,0,0,0,3397,3397,0
a,a,N,21154,121,20,-1,a,0,1,0,0,0,2872,2872,0
b,a,W,594736,578,112,57,a,0,0,1,0,0,59218,32461,1
a,a,N,45667,462,111,37,a,0,0,1,0,0,51851,18751,1
b,a,W,13461,193,20,-30,b,0,0,0,0,0,0,0,0
a,a,W,19183,281,24,3,a,0,0,0,0,0,0,0,0
a,a,W,80140,258,63,33,a,0,0,1,0,0,135122,48932,1
a,b,W,10458,36,-17,-7,b,0,0,0,0,0,0,0,0
c,b,N,12097,517,-6,-20,a,1,0,0,0,0,950,950,0
c,a,N,20000,226,-10,-4,a,0,0,0,0,0,0,0,0
a,a,W,3040,48,-24,-26,a,0,1,0,0,0,1738,1738,0
a,a,N,163795,328,70,117,a,0,0,1,0,0,47228,31613,1
a,a,N,31549,116,-8,32,a,0,0,0,0,0,0,0,0
a,b,W,56704,281,-29,20,a,0,0,0,0,0,0,0,0
b,a,W,85362,60,-21,-16,a,0,1,0,0,0,1971,1971,0
a,a,W,47617,125,28,31,a,0,0,0,0,0,0,0,0
b,a,W,15722,15,1,-7,a,0,0,0,0,0,0,0,0
a,b,W,22269,228,-18,10,a,0,0,0,0,0,0,0,0
a,a,W,74624,104,-40,10,c,0,0,0,0,0,0,0,0
b,a,N,10454,306,45,15,a,0,1,0,0,0,3543,3543,0
a,a,W,2036,243,15,-30,c,1,0,0,0,0,108,108,0
a,b,W,16551,1640,-11,-17,a,0,0,0,0,0,0,0,0
b,b,W,72128,714,-7,65,a,1,0,0,0,0,1,1,0
a,a,N,8475,197,-4,31,a,1,0,0,0,0,564,564,0
a,b,W,24350,829,-9,-23,a,0,0,0,0,0,0,0,0
b,b,N,4654,302,-7,-2,a,0,0,0,0,0,0,0,0
a,b,N,23108,585,16,-65,a,0,1,0,0,0,5423,5423,0
a,b,N,4079,1261,42,21,a,0,1,0,0,0,2195,2195,0
a,a,W,20664,119,24,-24,b,0,0,0,0,0,0,0,0
a,a,N,53492,345,0,-23,a,0,1,0,0,0,1906,1906,0
c,c,W,1874,166,26,28,c,1,0,0,0,0,498,498,0
a,a,W,9342,91,-23,-6,a,1,0,0,0,0,660,660,0
a,c,W,43420,116,28,13,a,1,0,0,0,0,626,626,0
b,a,W,6548,62,23,6,a,0,0,0,0,0,0,0,0
a,a,N,35211,53,-3,14,b,0,0,0,0,0,0,0,0
b,a,W,52719,208,-32,32,a,0,0,0,0,0,0,0,0
b,b,N,9499,514,12,8,a,1,0,0,0,0,489,489,0
a,a,N,12945,922,11,-2,a,0,0,0,0,0,0,0,0
a,a,W,12185,163,1,-6,a,0,1,0,0,0,8132,8132,0
a,b,W,95226,338,25,14,a,0,0,0,0,0,0,0,0
b,c,N,39521,50,-35,-1,a,0,1,0,0,0,2900,2900,0
a,a,N,37569,66,-22,4,c,0,1,0,0,0,4117,4117,0
a,a,W,37056,441,23,-15,b,0,0,0,0,0,0,0,0
a,a,W,60597,1168,18,10,a,0,1,0,0,0,1393,1393,0
a,b,W,26753,341,33,-6,a,0,1,0,0,0,3374,3374,0
a,a,N,68865,41,-3,-20,a,1,0,0,0,0,190,190,0
c,a,W,64343,269,46,70,a,0,0,1,0,0,58466,31939,1
a,a,W,14501,442,7,25,a,0,1,0,0,0,3241,3241,0
a,a,W,5758,177,34,-3,a,1,0,0,0,0,350,350,0
b,a,W,31472,34,19,0,a,0,0,0,0,0,0,0,0
a,a,N,27852,160,32,-14,a,0,0,0,0,0,0,0,0
b,b,N,15469,27,-3,-52,b,0,0,0,0,0,0,0,0
a,a,W,198078,576,-13,54,a,0,0,1,0,0,68657,47491,1
b,a,N,10552,904,-6,-31,a,1,0,0,0,0,727,727,0
a,a,W,9270,360,-61,18,a,0,1,0,0,0,4196,4196,0
a,b,N,21753,1020,0,-33,a,0,0,0,0,0,0,0,0
a,a,N,12301,403,-1,-8,a,0,0,0,0,0,0,0,0
a,a,W,53342,134,4,19,a,0,1,0,0,0,1659,1659,0
a,a,W,22736,521,39,-21,a,0,0,0,0,0,0,0,0
b,a,W,14458,719,-47,2,a,0,0,0,0,0,0,0,0
a,b,W,5616,49,20,-4,a,0,0,0,0,0,0,0,0
a,a,N,28547,104,-16,-1,a,0,1,0,0,0,2424,2424,0
a,a,W,46650,235,17,15,a,1,0,0,0,0,451,451,0
a,b,W,25947,117,-32,14,a,0,0,0,0,0,0,0,0
a,a,W,75254,75,-5,-22,a,1,0,0,0,0,752,752,0
b,a,W,95708,314,11,0,a,0,0,0,0,0,0,0,0
b,a,W,48198,47,-78,63,a,0,1,0,0,0,2825,2825,0
c,a,W,35337,886,16,-19,a,0,1,0,0,0,1733,1733,0
b,a,N,25636,351,-20,10,b,1,0,0,0,0,453,453,0
a,a,W,64292,60,16,8,b,1,0,0,0,0,716,716,0
b,c,N,3228,189,4,-13,a,0,0,0,0,0,0,0,0
a,a,W,2961,553,-55,19,a,0,1,0,0,0,1434,1434,0
b,a,N,45938,222,17,15,a,0,1,0,0,0,1382,1382,0
a,a,N,13344,53,0,0,a,0,0,0,0,0,0,0,0
b,a,N,308994,10,18,-11,a,0,1,0,0,0,2035,2035,0
a,b,W,9219,32,1,24,a,0,0,0,0,0,0,0,0
a,a,N,11665,447,-30,-42,a,0,0,0,0,0,0,0,0
a,c,W,2840,215,-8,-12,a,1,0,0,0,0,263,263,0
a,a,N,26703,260,19,23,c,0,0,0,0,0,0,0,0
a,a,W,8391,147,-6,-14,a,1,0,0,0,0,223,223,0
b,a,W,25483,213,-12,-28,a,1,0,0,0,0,7,7,0
b,a,N,65835,320,48,-26,a,0,0,0,0,0,0,0,0
a,a,W,9495,84,17,35,a,0,0,0,0,0,0,0,0
a,b,N,7386,488,28,3,a,0,1,0,0,0,2546,2546,0
a,a,N,12847,129,64,22,a,1,0,0,0,0,245,245,0
b,b,W,39119,552,58,-66,a,1,0,0,0,0,485,485,0
a,a,N,8400,195,29,-35,b,0,1,0,0,0,4666,4666,0
a,a,W,16077,800,17,32,a,0,0,0,0,0,0,0,0
a,a,N,33669,578,45,9,a,0,0,0,0,0,0,0,0
a,a,W,44763,79,2,-23,a,0,0,0,0,0,0,0,0
a,b,W,4114,118,-3,7,a,0,1,0,0,0,2729,2729,0
a,a,W,71899,649,-27,36,b,0,0,0,0,0,0,0,0
a,b,N,1625,374,-16,32,a,0,0,0,0,0,0,0,0
a,a,W,21489,151,32,7,a,1,0,0,0,0,915,915,0
a,b,W,77825,208,8,-3,a,0,0,0,0,0,0,0,0
a,b,W,45998,268,34,25,a,0,1,0,0,0,2086,2086,0
a,a,W,16619,33,-26,-60,a,0,1,0,0,0,1111,1111,0
a,a,W,2895,21,-16,-39,a,0,1,0,0,0,2525,2525,0
a,a,W,4470,50,-53,-8,a,0,1,0,0,0,1070,1070,0
b,a,W,10950,320,14,11,a,0,0,0,0,0,0,0,0
a,a,W,71927,170,-16,0,a,0,1,0,0,0,2393,2393,0
a,a,W,30476,770,-30,-16,a,0,1,0,0,0,6910,6910,0
a,a,N,67046,719,68,-30,a,0,0,0,0,0,0,0,0
a,c,W,16443,63,6,18,b,0,1,0,0,0,1401,1401,0
a,a,W,8491,289,6,22,c,0,0,0,0,0,0,0,0
a,b,W,27429,18,1,43,b,0,0,0,0,0,0,0,0
a,a,N,169262,102,-5,-20,a,0,1,0,0,0,3581,3581,0
b,a,W,49542,364,34,5,a,0,1,0,0,0,9343,9343,0
b,a,W,21522,763,-6,7,b,0,1,0,0,0,1160,1160,0
a,a,N,73324,28,-1,-8,b,0,1,0,0,0,4389,4389,0
a,b,N,13446,423,-9,26,a,1,0,0,0,0,467,467,0
a,c,N,8773,175,24,16,a,0,0,0,0,0,0,0,0
a,a,W,11986,665,-13,-40,a,1,0,0,0,0,295,295,0
b,c,W,6973,894,-40,0,b,0,1,0,0,0,2912,2912,0
a,a,W,47449,97,10,36,a,0,0,0,0,0,0,0,0
c,c,W,29158,46,30,25,a,1,0,0,0,0,269,269,0
a,a,N,11181,330,14,1,c,0,0,0,0,0,0,0,0
a,c,N,24172,29,0,-13,a,0,1,0,0,0,1604,1604,0
a,b,W,33123,29,-3,-8,a,0,0,0,0,0,0,0,0
a,a,N,11786,357,56,-3,a,0,1,0,0,0,5943,5943,0
a,a,W,67861,142,21,29,a,0,0,0,0,0,0,0,0
a,a,W,61783,322,37,18,a,0,1,0,0,0,6943,6943,0
a,a,W,35050,243,-14,63,a,0,1,0,0,0,2769,2769,0
a,b,W,35103,13,-1,-43,a,1,0,0,0,0,433,433,0
a,b,N,64432,63,-22,-41,a,0,0,0,0,0,0,0,0
a,b,N,9593,1024,-32,-6,a,1,0,0,0,0,279,279,0
a,a,W,27004,998,-8,0,c,0,0,0,0,0,0,0,0
a,a,W,4100,504,-26,-32,b,0,0,0,0,0,0,0,0
a,a,N,90815,79,1,35,a,0,1,0,0,0,4144,4144,0
a,b,N,10279,569,50,6,b,0,0,0,0,0,0,0,0
a,a,W,35545,201,31,-10,a,0,0,0,0,0,0,0,0
a,a,N,29308,705,0,27,a,0,0,0,0,0,0,0,0
a,a,N,56395,1754,72,75,a,0,0,1,0,0,63977,32415,1
a,a,N,26617,1172,-35,0,a,0,0,0,0,0,0,0,0
a,a,W,21423,131,-30,-21,a,0,1,0,0,0,1475,1475,0
b,a,N,1918,110,-22,-28,a,0,1,0,0,0,1614,1614,0
a,c,N,8108,268,-2,1,b,1,0,0,0,0,336,336,0
a,a,N,38349,135,13,5,a,0,0,0,0,0,0,0,0
a,b,N,12047,148,19,6,a,0,0,0,0,0,0,0,0
a,a,N,73444,219,-19,-1,a,0,0,0,0,0,0,0,0
b,b,W,8421,478,27,38,a,0,1,0,0,0,1210,1210,0
a,a,N,24081,158,7,-3,a,0,1,0,0,0,4795,4795,0
b,b,N,31495,238,3,-36,a,0,1,0,0,0,1814,1814,0
a,b,N,23533,99,-5,9,a,0,1,0,0,0,3414,3414,0
a,a,N,72284,443,10,50,a,1,0,0,0,0,569,569,0
a,b,W,39046,277,-17,8,b,0,1,0,0,0,1098,1098,0
a,a,W,138868,1046,52,74,a,0,0,1,0,0,83966,27458,1
a,b,W,42317,253,6,32,a,0,0,0,0,0,0,0,0
a,a,N,93970,896,5,20,a,0,0,0,0,0,0,0,0
b,b,N,61068,966,68,110,a,0,0,1,0,0,141071,43301,1
a,b,W,11903,168,-40,-7,a,0,1,0,0,0,4577,4577,0
a,a,W,21170,167,-45,-12,a,0,1,0,0,0,1120,1120,0
a,a,W,14527,53,34,-12,b,1,0,0,0,0,702,702,0
b,b,W,18189,486,35,-20,a,1,0,0,0,0,729,729,0
a,b,W,6769,51,7,30,b,1,0,0,0,0,848,848,0
a,c,W,33730,232,63,9,a,0,1,0,0,0,4150,4150,0
a,a,N,10292,609,-72,17,a,0,0,0,0,0,0,0,0
c,a,N,13353,353,-19,16,a,1,0,0,0,0,465,465,0
a,a,W,40557,497,-26,33,a,0,1,0,0,0,1650,1650,0
a,a,N,33960,154,-20,34,a,1,0,0,0,0,726,726,0
a,a,N,13622,194,-26,-20,a,0,0,0,0,0,0,0,0
a,a,W,10026,134,25,13,a,0,1,0,0,0,1379,1379,0
a,a,W,69078,170,-5,-40,a,1,0,0,0,0,187,187,0
a,a,N,32317,663,57,-35,a,0,1,0,0,0,4393,4393,0
a,a,N,4287,133,-2,28,b,0,0,0,0,0,0,0,0
a,b,N,1144,13,6,-29,a,0,1,0,0,0,1077,1077,0
a,a,W,101743,11,12,-13,a,1,0,0,0,0,543,543,0
b,a,N,55618,315,-48,-17,a,0,1,0,0,0,3840,3840,0
a,a,W,29566,118,-21,-1,b,0,0,0,0,0,0,0,0
a,a,W,32911,286,-10,19,b,1,0,0,0,0,133,133,0
a,c,N,5190,622,37,10,a,0,1,0,0,0,2021,2021,0
a,a,W,6974,14,-4,-12,b,1,0,0,0,0,750,750,0
a,b,W,24015,219,40,-12,a,0,0,0,0,0,0,0,0
a,a,W,100185,603,-16,22,a,0,0,0,0,0,0,0,0
a,b,N,18790,124,-11,-8,a,0,0,0,0,0,0,0,0
a,a,N,4636,270,-72,-32,a,0,1,0,0,0,1976,1976,0
b,a,N,334421,1864,20,20,a,0,0,1,0,0,65242,21892,1
a,b,W,2871,13,-20,0,a,0,0,0,0,0,0,0,0
a,a,N,27835,833,77,-56,a,0,1,0,0,0,1820,1820,0
b,b,W,130454,1022,0,-17,a,1,0,0,0,0,484,484,0
a,a,N,5650,992,0,-22,a,1,0,0,0,0,684,684,0
a,b,W,88759,713,9,-17,a,0,0,0,0,0,0,0,0
a,b,N,12929,274,-39,-54,a,0,1,0,0,0,1789,1789,0
a,c,N,32983,32,46,-23,a,1,0,0,0,0,514,514,0
a,a,W,33284,44,13,-6,a,0,1,0,0,0,1419,1419,0
a,a,W,36168,32,-17,16,b,0,0,0,0,0,0,0,0
b,c,N,8837,386,16,2,a,1,0,0,0,0,756,756,0
a,b,N,25475,35,-36,-24,a,0,1,0,0,0,1935,1935,0
a,a,W,162113,489,116,64,a,0,0,1,0,0,29820,24620,1
a,a,N,97574,43,-92,19,a,0,0,0,0,0,0,0,0
a,a,W,81857,807,-30,-1,a,1,0,0,0,0,967,967,0
a,c,W,67072,2190,150,52,a,0,0,1,0,0,85235,26843,1
b,a,W,35692,441,20,-15,a,0,1,0,0,0,2898,2898,0
b,a,W,67748,207,-37,38,a,0,0,0,0,0,0,0,0
a,a,W,50236,344,20,-3,a,0,1,0,0,0,1515,1515,0
a,c,W,2738,80,60,15,a,0,1,0,0,0,1668,1668,0
b,b,W,17857,109,-18,-6,a,0,1,0,0,0,2560,2560,0
a,a,W,20497,51,2,-15,a,0,0,0,0,0,0,0,0
a,a,W,17885,434,11,20,a,0,0,0,0,0,0,0,0
a,c,W,2683,260,13,-18,a,0,1,0,0,0,2881,2881,0
b,b,W,127895,479,-5,0,a,0,0,0,0,0,0,0,0
a,a,W,60901,143,-26,-36,a,0,0,0,0,0,0,0,0
b,b,W,25891,125,-41,24,b,0,1,0,0,0,6945,6945,0
a,a,W,5732,564,-28,-5,a,1,0,0,0,0,899,899,0
a,b,W,3752,268,-65,39,a,0,0,0,0,0,0,0,0
a,a,W,49334,537,3,51,b,0,0,0,0,0,0,0,0
a,a,N,45694,140,-18,-43,a,0,0,0,0,0,0,0,0
a,b,N,23267,61,-16,27,a,1,0,0,0,0,63,63,0
a,a,W,42431,62,19,6,b,0,0,0,0,0,0,0,0
a,a,N,15842,301,-48,-32,a,0,0,0,0,0,0,0,0
a,a,N,41994,156,-20,-19,a,0,0,0,0,0,0,0,0
a,a,N,58379,108,-7,8,b,0,0,0,0,0,0,0,0
a,b,W,48149,121,-4,62,a,0,0,0,0,0,0,0,0
a,a,W,2431,1256,22,-33,a,1,0,0,0,0,967,967,0
a,a,W,22193,607,50,-57,a,0,1,0,0,0,4976,4976,0
b,a,N,39133,469,6,-12,a,0,1,0,0,0,1004,1004,0
a,a,N,54800,485,2,26,a,0,0,0,0,0,0,0,0
a,a,W,94009,208,-3,24,b,0,1,0,0,0,1348,1348,0
a,b,N,29410,165,60,5,a,0,0,0,0,0,0,0,0
a,a,N,53759,52,-41,-15,a,0,0,0,0,0,0,0,0
a,b,W,91424,231,-20,4,a,0,0,0,0,0,0,0,0
b,a,N,25519,70,5,25,a,0,1,0,0,0,1706,1706,0
a,a,N,46627,607,-3,47,a,0,0,1,0,0,26862,21056,1
b,a,W,32216,232,6,12,c,1,0,0,0,0,665,665,0
a,a,N,5757,142,13,24,a,0,1,0,0,0,1795,1795,0
a,b,W,12276,1040,3,11,a,1,0,0,0,0,775,775,0
a,a,W,11617,30,14,0,a,1,0,0,0,0,57,57,0
a,a,W,46056,81,2,-34,a,0,0,0,0,0,0,0,0
a,c,W,84540,499,-19,8,a,1,0,0,0,0,136,136,0
b,a,W,52879,213,-15,-63,a,0,0,0,0,0,0,0,0
b,a,W,3557,107,9,4,b,0,0,0,0,0,0,0,0
b,c,W,29270,234,18,9,a,0,1,0,0,0,2887,2887,0
b,a,N,35446,341,-11,52,a,0,0,0,0,0,0,0,0
b,b,W,30671,24,-23,17,b,0,0,0,0,0,0,0,0
b,a,N,21484,298,-23,-23,a,0,0,0,0,0,0,0,0
a,a,N,61109,273,-57,-9,a,0,1,0,0,0,1420,1420,0
a,a,W,31443,402,-86,0,c,0,1,0,0,0,1058,1058,0
a,a,N,34048,303,-26,-20,a,1,0,0,0,0,283,283,0
a,a,W,24090,663,-22,-6,a,0,0,0,0,0,0,0,0
b,a,W,115353,327,-47,0,a,0,1,0,0,0,1217,1217,0
a,b,W,19441,464,-77,-49,a,0,1,0,0,0,2950,2950,0
a,b,W,7766,56,-19,70,a,1,0,0,0,0,588,588,0
a,a,W,25607,68,-25,-18,a,0,0,0,0,0,0,0,0
a,a,W,22925,102,1,-28,a,0,0,0,0,0,0,0,0
a,a,N,5181,825,46,-9,a,0,0,0,0,0,0,0,0
a,b,N,20085,872,2,-43,a,0,0,0,0,0,0,0,0
a,a,N,6583,293,13,1,a,0,0,0,0,0,0,0,0
a,a,N,21211,243,-4,0,b,0,1,0,0,0,6882,6882,0
a,a,N,21443,24,-29,-9,a,0,0,0,0,0,0,0,0
a,c,W,42661,63,2,-25,a,0,1,0,0,0,2802,2802,0
a,a,N,12717,24,-38,3,a,0,0,0,0,0,0,0,0
a,a,W,14624,184,-8,16,a,0,1,0,0,0,3582,3582,0
a,a,W,29130,25,29,-13,b,1,0,0,0,0,89,89,0
b,b,W,19395,128,-13,-30,b,0,0,0,0,0,0,0,0
a,b,W,24215,141,-24,47,a,1,0,0,0,0,773,773,0
b,b,W,51478,1481,-37,13,c,0,0,0,0,0,0,0,0
a,b,W,25546,246,-59,17,a,0,0,0,0,0,0,0,0
b,a,W,115331,247,-1,-30,a,0,0,0,0,0,0,0,0
a,a,N,16846,315,-26,-36,a,1,0,0,0,0,276,276,0
a,b,W,39800,32,28,-16,a,0,0,0,0,0,0,0,0
a,a,W,50707,4338,30,10,a,0,0,1,0,0,36111,26695,1
a,a,N,159975,22,24,-9,a,0,0,0,0,0,0,0,0
b,b,N,10264,290,20,-20,a,0,0,0,0,0,0,0,0
a,b,W,8338,265,0,-28,c,0,0,0,0,0,0,0,0
c,c,N,62955,139,-9,-42,b,0,0,0,0,0,0,0,0
b,c,W,23272,377,6,-13,a,0,0,0,0,0,0,0,0
a,a,W,7778,388,-12,45,a,0,0,0,0,0,0,0,0
a,b,W,28225,578,3,-3,a,0,1,0,0,0,1308,1308,0
a,a,W,26302,43,-23,6,a,0,1,0,0,0,2368,2368,0
a,b,N,33437,48,-39,-18,b,0,0,0,0,0,0,0,0
a,a,N,41257,355,1,6,b,0,1,0,0,0,1393,1393,0
b,a,N,41703,128,0,-1,b,1,0,0,0,0,199,199,0
a,c,W,45779,35,-52,7,a,1,0,0,0,0,404,404,0
a,a,W,3225,63,-33,26,b,0,1,0,0,0,4508,4508,0
a,a,N,35420,58,-36,-14,a,0,1,0,0,0,1266,1266,0
a,a,N,39761,1068,-4,-21,a,0,0,0,0,0,0,0,0
a,a,W,16390,227,-56,10,a,1,0,0,0,0,727,727,0
a,a,N,81118,357,94,25,b,0,0,1,0,0,82454,39304,1
a,a,N,19811,199,10,16,b,0,0,0,0,0,0,0,0
a,a,W,9522,70,-19,-17,a,0,0,0,0,0,0,0,0
a,a,N,12478,50,47,-7,a,0,1,0,0,0,2039,2039,0
a,b,W,605772,2024,44,77,c,0,0,1,0,0,168912,54187,1
c,a,N,8596,679,29,6,a,0,1,0,0,0,1227,1227,0
a,a,N,239585,290,10,26,a,0,0,0,0,0,0,0,0
a,c,W,2433,705,13,25,a,0,1,0,0,0,1630,1630,0
a,a,W,34332,132,50,17,a,0,1,0,0,0,3406,3406,0
a,a,W,68313,55,-59,-16,b,0,0,0,0,0,0,0,0
b,b,W,6207,183,15,-8,a,0,1,0,0,0,1371,1371,0
b,b,W,59710,959,-7,-22,a,0,0,0,0,0,0,0,0
a,b,W,15376,262,2,62,a,0,1,0,0,0,3948,3948,0
b,c,N,71630,925,4,-26,a,0,1,0,0,0,1037,1037,0
b,a,N,103403,170,-39,6,a,1,0,0,0,0,791,791,0
a,c,W,9892,214,35,10,b,0,1,0,0,0,6519,6519,0
b,c,W,12753,92,35,-23,a,0,0,0,0,0,0,0,0
a,b,W,38531,969,40,44,c,0,0,0,0,0,0,0,0
a,a,N,28762,316,33,-9,b,0,0,0,0,0,0,0,0
b,b,N,6631,192,-18,29,a,0,0,0,0,0,0,0,0
a,a,N,19151,160,-13,36,a,1,0,0,0,0,426,426,0
b,b,N,49297,985,21,-13,a,0,0,0,0,0,0,0,0
a,a,W,43601,883,2,28,a,0,1,0,0,0,1051,1051,0
b,b,N,11313,347,41,3,a,0,1,0,0,0,1564,1564,0
a,a,N,47549,337,-24,-38,a,0,0,0,0,0,0,0,0
a,a,N,15650,545,-3,-9,a,1,0,0,0,0,642,642,0
a,b,W,28353,58,-42,-11,a,0,1,0,0,0,2743,2743,0
b,a,N,95365,210,-29,40,a,0,0,0,0,0,0,0,0
a,a,W,1044,48,-39,-13,a,0,0,0,0,0,0,0,0
a,a,N,61929,291,14,18,a,0,0,0,0,0,0,0,0
a,b,N,79803,47,-39,-15,a,0,0,0,0,0,0,0,0
a,a,N,47461,118,25,4,a,1,0,0,0,0,387,387,0
c,a,W,14507,342,5,5,a,1,0,0,0,0,416,416,0
a,a,N,33290,115,-43,-14,b,0,1,0,0,0,4382,4382,0
a,b,N,21823,125,-18,6,a,0,1,0,0,0,2728,2728,0
a,a,W,46764,137,-4,24,a,0,1,0,0,0,2285,2285,0
a,a,N,82005,426,30,1,a,0,0,0,0,0,0,0,0
a,a,N,372487,2822,107,64,a,0,0,1,0,0,247033,71791,1
a,a,N,2657,141,4,49,a,1,0,0,0,0,478,478,0
b,c,N,8816,125,39,7,a,0,1,0,0,0,1792,1792,0
a,b,N,58747,73,66,-8,a,0,0,0,0,0,0,0,0
a,a,W,52041,1415,-19,60,a,0,0,1,0,0,83840,45613,1
c,a,N,37031,364,-19,13,a,0,0,0,0,0,0,0,0
a,a,N,14614,1108,46,12,a,0,1,0,0,0,8584,8584,0
a,b,W,118026,32,8,-30,a,0,0,0,0,0,0,0,0
a,a,W,29380,413,-25,27,b,0,1,0,0,0,1383,1383,0
a,b,N,13796,555,-30,5,a,0,0,0,0,0,0,0,0
a,a,N,22691,568,22,32,a,0,0,0,0,0,0,0,0
b,a,N,16363,25,0,-5,a,0,0,0,0,0,0,0,0
a,a,W,1559,38,-9,-38,a,0,0,0,0,0,0,0,0
a,b,N,3629,934,11,-23,a,1,0,0,0,0,505,505,0
a,b,W,2968,166,11,6,a,1,0,0,0,0,390,390,0
a,a,W,6267,40,41,-4,a,0,0,0,0,0,0,0,0
a,a,W,7930,972,6,-17,a,1,0,0,0,0,972,972,0
a,a,N,87121,80,14,-23,a,0,1,0,0,0,2188,2188,0
a,b,N,6014,501,-35,8,a,0,1,0,0,0,9158,9158,0
a,a,N,48368,118,39,-5,a,0,0,0,0,0,0,0,0
b,a,W,78038,229,16,-8,a,0,1,0,0,0,1664,1664,0
b,a,N,78838,75,20,3,a,0,1,0,0,0,1903,1903,0
c,b,N,71528,1225,-24,-6,a,0,1,0,0,0,1500,1500,0
a,a,W,45431,220,13,-5,a,0,0,0,0,0,0,0,0
b,a,W,10138,425,1,23,a,0,1,0,0,0,1991,1991,0
a,a,W,22276,19,-30,-25,a,0,1,0,0,0,4227,4227,0
c,b,W,136828,2546,31,115,a,0,0,1,0,0,45776,25343,1
b,a,W,109259,287,-14,-15,a,0,0,0,0,0,0,0,0
c,a,N,11703,21,-36,28,a,0,0,0,0,0,0,0,0
c,a,W,17800,1413,-4,-22,a,1,0,0,0,0,569,569,0
a,a,N,10144,227,-17,5,a,0,0,0,0,0,0,0,0
a,a,W,35896,928,-10,42,b,0,0,0,0,0,0,0,0
a,c,N,69005,875,-44,-41,a,0,0,0,0,0,0,0,0
a,a,N,5694,513,-4,-30,a,0,0,0,0,0,0,0,0
c,a,W,33572,363,-43,-12,a,1,0,0,0,0,965,965,0
a,a,W,46825,52,33,9,a,0,0,0,0,0,0,0,0
a,a,N,24843,47,-38,18,b,1,0,0,0,0,27,27,0
a,a,W,64394,225,-42,-11,a,1,0,0,0,0,290,290,0
a,b,W,6131,75,1,-6,a,1,0,0,0,0,113,113,0
a,a,W,19011,150,-37,-34,a,1,0,0,0,0,404,404,0
a,c,W,1297,558,30,-39,a,0,0,0,0,0,0,0,0
a,a,W,72749,14,-11,3,a,0,1,0,0,0,1144,1144,0
a,a,W,2944,193,-7,71,a,0,1,0,0,0,1595,1595,0
a,a,W,47070,155,-32,-7,a,0,0,0,0,0,0,0,0
a,a,W,25510,495,28,-1,a,0,1,0,0,0,1165,1165,0
c,a,N,142956,162,-42,9,a,0,0,0,0,0,0,0,0
a,a,N,11972,497,-33,-25,a,0,0,0,0,0,0,0,0
a,a,W,59326,37,30,-59,a,0,1,0,0,0,3276,3276,0
a,a,W,2769,10,-39,-64,b,0,0,0,0,0,0,0,0
a,a,N,37107,44,-18,12,a,0,0,0,0,0,0,0,0
a,a,W,61369,449,-1,-13,a,0,1,0,0,0,1816,1816,0
a,b,W,5202,139,-66,-10,a,0,0,0,0,0,0,0,0
a,a,W,36855,704,-36,32,a,0,0,0,0,0,0,0,0
a,a,W,7580,34,2,24,b,0,1,0,0,0,2363,2363,0
b,a,N,39734,544,14,36,a,1,0,0,0,0,325,325,0
a,b,W,11597,1213,-2,-11,a,0,1,0,0,0,4563,4563,0
a,a,N,79916,1226,-7,16,a,0,1,0,0,0,2026,2026,0
c,b,W,19515,15,-17,-15,a,1,0,0,0,0,630,630,0
a,a,N,41799,84,27,-11,a,0,1,0,0,0,1154,1154,0
a,a,N,13367,333,-22,-22,a,1,0,0,0,0,294,294,0
a,a,N,14233,47,-26,-25,a,1,0,0,0,0,638,638,0
a,c,W,43763,408,-58,24,a,0,0,0,0,0,0,0,0
c,b,W,50447,99,4,-10,a,0,0,0,0,0,0,0,0
a,c,W,65811,162,-4,38,a,0,1,0,0,0,1476,1476,0
a,a,N,34656,192,-23,-30,a,0,1,0,0,0,4490,4490,0
b,b,W,32133,191,-15,15,a,0,1,0,0,0,2734,2734,0
a,a,W,27013,502,37,-12,a,1,0,0,0,0,872,872,0
a,b,N,73616,581,-12,23,b,0,1,0,0,0,3002,3002,0
b,a,W,127475,1179,23,15,a,1,0,0,0,0,624,624,0
a,b,N,12081,201,-4,-4,b,0,1,0,0,0,2482,2482,0
a,b,W,113894,364,-33,-12,a,0,0,0,0,0,0,0,0
a,a,N,37028,129,0,-8,a,0,1,0,0,0,3933,3933,0
b,a,N,15193,188,11,-17,a,0,1,0,0,0,1691,1691,0
a,a,N,3508,130,41,44,a,1,0,0,0,0,663,663,0
a,a,N,128091,1048,55,43,a,0,0,1,0,0,25122,17414,1
a,a,N,41217,334,-12,13,a,0,0,0,0,0,0,0,0
a,b,N,10591,149,0,10,a,0,0,0,0,0,0,0,0
a,a,N,83504,36,-9,-11,a,1,0,0,0,0,424,424,0
c,a,W,58640,441,13,31,a,0,0,0,0,0,0,0,0
a,a,N,8746,214,-22,9,a,0,0,0,0,0,0,0,0
a,a,W,55041,15,29,-23,a,0,1,0,0,0,1318,1318,0
b,a,W,10705,66,-22,-7,b,0,1,0,0,0,1509,1509,0
a,a,W,11647,557,15,33,a,1,0,0,0,0,65,65,0
b,a,N,124801,150,28,-38,c,0,0,0,0,0,0,0,0
a,a,W,42098,165,28,33,a,0,0,0,0,0,0,0,0
a,b,N,17390,914,30,-17,b,0,0,0,0,0,0,0,0
c,a,W,16945,92,-16,12,b,0,1,0,0,0,2230,2230,0
a,c,N,44568,155,-22,66,a,0,1,0,0,0,1029,1029,0
a,b,N,24663,394,-14,-3,a,0,1,0,0,0,5552,5552,0
a,a,W,253240,937,90,78,b,0,0,1,0,0,31107,13416,1
c,a,N,13406,314,-10,-7,c,1,0,0,0,0,679,679,0
b,a,W,3031,618,-22,-11,a,0,0,0,0,0,0,0,0
a,b,N,10651,835,-21,9,a,0,1,0,0,0,1468,1468,0
b,a,N,10181,139,18,-42,b,0,0,0,0,0,0,0,0
a,b,W,3385,73,-6,-22,a,0,1,0,0,0,1046,1046,0
a,a,N,52597,181,-25,-12,a,0,0,0,0,0,0,0,0
a,a,W,7691,439,-23,34,c,1,0,0,0,0,31,31,0
a,a,W,4926,360,18,9,b,0,0,0,0,0,0,0,0
a,a,W,8486,40,8,-29,b,0,0,0,0,0,0,0,0
a,a,N,130747,439,-6,-35,a,0,1,0,0,0,1101,1101,0
a,a,W,56800,277,10,-5,a,1,0,0,0,0,203,203,0
b,b,W,4755,25,-52,-23,c,1,0,0,0,0,10,10,0
b,b,W,39740,83,38,-12,a,0,0,0,0,0,0,0,0
a,a,W,57860,387,31,-6,a,1,0,0,0,0,456,456,0
b,a,N,11153,1199,0,-36,a,0,1,0,0,0,1902,1902,0
a,a,N,23620,705,39,-39,a,0,0,0,0,0,0,0,0
b,b,W,42679,135,-30,11,a,0,0,0,0,0,0,0,0
a,a,W,2198,55,-11,20,a,0,1,0,0,0,1877,1877,0
a,a,W,32018,573,20,7,a,0,1,0,0,0,1164,1164,0
a,a,W,21744,182,17,-16,a,0,1,0,0,0,3069,3069,0
a,a,W,65456,298,57,-72,a,0,1,0,0,0,2068,2068,0
a,c,W,10617,49,-15,-25,a,0,1,0,0,0,1764,1764,0
b,b,N,19972,223,28,9,a,0,1,0,0,0,1295,1295,0
a,a,W,103017,807,18,10,a,0,0,0,0,0,0,0,0
b,b,W,24910,52,53,9,a,0,1,0,0,0,2382,2382,0
a,c,W,9291,344,-3,27,a,0,0,0,0,0,0,0,0
a,a,W,48740,299,-59,32,a,0,0,0,0,0,0,0,0
a,b,W,12721,65,17,12,a,0,0,0,0,0,0,0,0
a,a,W,29298,69,18,9,a,0,0,0,0,0,0,0,0
a,a,N,4612,181,4,28,a,0,1,0,0,0,6556,6556,0
a,a,N,8692,124,65,-57,a,0,0,0,0,0,0,0,0
b,c,W,285813,566,31,-71,a,1,0,0,0,0,898,898,0
a,a,N,51479,187,-21,-2,b,0,1,0,0,0,3120,3120,0
a,b,W,23623,360,-55,33,b,0,1,0,0,0,1871,1871,0
a,a,N,7553,87,-38,-28,a,0,1,0,0,0,1713,1713,0
c,a,W,31962,30,13,0,a,0,0,0,0,0,0,0,0
a,c,W,15186,281,-21,13,b,0,0,0,0,0,0,0,0
b,b,W,3334,268,23,0,a,0,0,0,0,0,0,0,0
a,a,N,202584,1177,72,3,a,0,0,1,0,0,48010,23150,1
a,a,N,21828,1193,-10,17,a,0,0,0,0,0,0,0,0
a,a,W,7352,420,-24,-18,c,1,0,0,0,0,950,950,0
a,a,W,1405,51,0,-43,a,0,0,0,0,0,0,0,0
a,b,N,20061,73,-32,44,a,0,0,0,0,0,0,0,0
a,a,W,12017,79,16,-38,a,0,0,0,0,0,0,0,0
a,a,W,11601,1269,19,27,c,0,0,0,0,0,0,0,0
b,a,W,5276,366,6,9,a,0,0,0,0,0,0,0,0
a,a,N,8714,566,24,-15,a,0,0,0,0,0,0,0,0
a,a,N,190948,97,12,2,a,0,0,0,0,0,0,0,0
a,a,W,4515,16,3,-2,a,1,0,0,0,0,114,114,0
a,b,W,43716,36,-10,-27,a,0,0,0,0,0,0,0,0
a,b,N,24567,45,28,19,a,0,1,0,0,0,1087,1087,0
a,a,W,4357,226,-12,17,a,1,0,0,0,0,526,526,0
a,a,W,15178,176,-21,-44,a,0,0,0,0,0,0,0,0
a,a,W,13952,108,30,16,a,0,0,0,0,0,0,0,0
a,b,W,5329,143,15,-26,b,0,0,0,0,0,0,0,0
a,a,N,44640,359,-15,-64,a,1,0,0,0,0,769,769,0
a,a,W,11704,142,-34,-6,a,1,0,0,0,0,355,355,0
b,c,W,20454,241,-70,16,a,0,0,0,0,0,0,0,0
a,a,W,35042,1048,43,7,a,0,0,0,0,0,0,0,0
b,a,N,28280,127,31,13,a,1,0,0,0,0,292,292,0
a,a,N,5776,598,42,1,a,0,1,0,0,0,1806,1806,0
b,a,N,17374,157,-3,9,a,0,0,0,0,0,0,0,0
a,a,W,3385,64,4,-17,a,0,1,0,0,0,9875,9875,0
a,c,W,52749,538,-20,23,a,0,0,0,0,0,0,0,0
a,a,W,3887,210,-21,-37,b,0,0,0,0,0,0,0,0
a,a,N,133314,655,31,78,a,0,0,1,0,0,31517,15819,1
a,a,N,3223,104,-10,7,a,0,0,0,0,0,0,0,0
a,b,W,53360,489,24,-4,a,0,0,0,0,0,0,0,0
a,b,W,48189,244,-37,-42,a,0,0,0,0,0,0,0,0
a,a,N,1047,216,-5,-29,a,0,1,0,0,0,2795,2795,0
a,a,W,19349,358,-11,-25,a,0,0,0,0,0,0,0,0
b,a,W,14980,175,36,0,b,0,0,0,0,0,0,0,0
a,a,W,1721,288,-13,-39,a,1,0,0,0,0,648,648,0
a,a,N,23039,92,-48,-17,a,0,1,0,0,0,4499,4499,0
a,a,W,58937,493,-9,20,a,0,0,0,0,0,0,0,0
b,c,N,17654,172,-70,41,a,0,0,0,0,0,0,0,0
a,a,W,21301,38,36,17,a,0,1,0,0,0,2535,2535,0
a,a,N,114303,217,50,-58,a,0,0,0,0,0,0,0,0
a,a,N,85963,453,-8,8,a,0,0,1,0,0,78316,61094,1
a,a,N,169039,1219,35,79,a,0,0,1,0,0,50658,28458,1
a,a,W,59260,892,-15,1,a,1,0,0,0,0,292,292,0
a,a,W,7537,217,-34,2,a,0,0,0,0,0,0,0,0
a,a,W,1324,505,48,-22,c,0,0,0,0,0,0,0,0
b,b,N,19860,323,-9,-32,a,0,0,0,0,0,0,0,0
a,b,N,38582,101,-33,-58,a,1,0,0,0,0,24,24,0
a,a,W,16069,306,0,-43,a,0,0,0,0,0,0,0,0
a,a,N,48696,219,3,56,a,1,0,0,0,0,140,140,0
a,a,N,45207,546,2,30,a,0,0,0,0,0,0,0,0
c,a,W,42161,654,34,26,a,0,0,0,0,0,0,0,0
a,a,N,46397,867,-40,-11,a,0,0,0,0,0,0,0,0
a,b,W,124201,651,35,89,a,0,0,1,0,0,28824,12842,1
b,a,W,132755,5076,137,114,a,0,0,1,0,0,44132,20402,1
a,b,N,20787,26,40,15,a,0,1,0,0,0,1453,1453,0
b,a,W,23936,814,-18,-19,a,0,1,0,0,0,2461,2461,0
b,b,N,7672,959,43,-17,a,0,1,0,0,0,3856,3856,0
b,a,W,19923,410,28,1,b,1,0,0,0,0,241,241,0
a,b,W,7285,499,8,-42,a,0,0,0,0,0,0,0,0
a,a,W,84363,572,17,-2,a,0,1,0,0,0,1348,1348,0
a,b,W,5728,1101,-19,30,a,1,0,0,0,0,524,524,0
a,a,W,59492,125,-32,64,a,0,0,0,0,0,0,0,0
a,a,W,24968,405,7,-2,a,1,0,0,0,0,183,183,0
a,a,W,25911,306,-31,-6,b,1,0,0,0,0,881,881,0
a,a,N,25737,50,-63,-2,a,0,0,0,0,0,0,0,0
a,a,W,6561,250,43,-11,b,0,1,0,0,0,2795,2795,0
b,a,W,2447,49,-44,21,a,1,0,0,0,0,453,453,0
a,a,N,4164,437,-19,-6,a,1,0,0,0,0,753,753,0
a,a,N,173697,50,-7,-26,a,1,0,0,0,0,150,150,0
a,a,W,18038,239,-29,-43,a,0,0,0,0,0,0,0,0
b,b,N,45605,224,-33,-25,b,0,0,0,0,0,0,0,0
a,b,W,57029,468,-12,14,a,0,0,0,0,0,0,0,0
a,a,W,74144,15,7,0,c,0,0,0,0,0,0,0,0
a,a,N,38006,28,-31,-1,a,0,0,0,0,0,0,0,0
a,b,N,9440,29,-47,-6,a,0,0,0,0,0,0,0,0
b,b,W,64183,469,-21,42,a,0,0,0,0,0,0,0,0
b,a,N,30179,324,-28,18,a,0,0,0,0,0,0,0,0
a,b,W,4626,755,-8,-16,a,0,0,0,0,0,0,0,0
a,a,W,17369,82,-62,16,a,0,1,0,0,0,1759,1759,0
a,b,N,1255,28,-8,-12,c,0,1,0,0,0,1120,1120,0
c,a,W,63387,1190,2,63,a,0,0,0,0,0,0,0,0
a,a,N,54589,3671,33,43,a,0,0,1,0,0,52884,26728,1
b,a,N,1725,145,40,36,a,0,1,0,0,0,1516,1516,0
a,a,N,190228,5408,87,71,a,0,0,1,0,0,69443,40946,1
b,a,W,4063,207,44,16,a,0,1,0,0,0,1443,1443,0
b,b,W,5097,604,-9,7,c,0,0,0,0,0,0,0,0
a,a,W,32577,280,-24,-7,a,0,0,0,0,0,0,0,0
c,a,N,20118,399,48,30,a,1,0,0,0,0,227,227,0
b,a,W,4224,681,-10,-17,a,1,0,0,0,0,986,986,0
a,a,N,59148,102,-48,13,c,0,0,0,0,0,0,0,0
b,b,N,357805,256,19,19,a,0,0,1,0,0,77275,28799,1
a,b,W,67747,291,15,-28,c,0,1,0,0,0,3837,3837,0
b,a,N,38203,934,46,14,a,0,0,0,0,0,0,0,0
a,a,W,30648,30,-46,38,a,0,0,0,0,0,0,0,0
a,a,N,11790,65,26,33,a,0,1,0,0,0,2367,2367,0
a,c,W,15164,431,66,-21,a,0,1,0,0,0,2092,2092,0
b,a,N,17367,373,10,31,a,0,1,0,0,0,3612,3612,0
c,a,N,11170,78,-23,6,a,0,0,0,0,0,0,0,0
a,a,W,107108,479,53,4,a,1,0,0,0,0,936,936,0
a,b,W,21047,308,-34,-8,b,0,0,0,0,0,0,0,0
a,a,W,5408,438,-6,-3,a,0,0,0,0,0,0,0,0
a,a,W,4834,512,30,15,c,0,0,0,0,0,0,0,0
a,a,W,5191,238,32,-50,a,0,0,0,0,0,0,0,0
a,a,N,66895,7217,122,26,a,0,0,1,0,0,44524,21858,1
a,a,N,63699,191,51,16,b,0,1,0,0,0,2542,2542,0
a,a,W,36188,1262,-14,-1,a,0,0,0,0,0,0,0,0
a,a,W,18717,264,-6,11,a,0,1,0,0,0,6120,6120,0
a,b,N,5141,559,-21,-17,a,0,0,0,0,0,0,0,0
b,a,N,85429,3318,48,107,b,0,0,1,0,0,131871,55876,1
a,a,W,22848,97,29,-9,a,0,0,0,0,0,0,0,0
a,b,W,11834,226,40,-18,a,0,0,0,0,0,0,0,0
a,b,W,54667,442,30,21,a,0,0,0,0,0,0,0,0
a,b,N,56411,423,-8,-25,a,0,0,0,0,0,0,0,0
a,b,N,748395,557,40,55,b,0,0,1,0,0,73559,31678,1
a,a,N,43392,225,46,2,a,0,1,0,0,0,4113,4113,0
a,a,N,26885,61,-12,-18,a,0,0,0,0,0,0,0,0
a,a,W,6471,510,27,-25,a,0,0,0,0,0,0,0,0
a,c,W,337205,577,110,130,a,0,1,0,0,0,19268,9068,1
a,a,W,37138,249,62,-10,a,0,0,0,0,0,0,0,0
a,a,N,450797,848,141,8,a,0,0,1,0,0,253790,89598,1
a,a,N,106267,94,-34,20,a,0,0,0,0,0,0,0,0
a,b,W,31928,486,71,-9,a,0,1,0,0,0,1289,1289,0
a,b,W,19166,76,13,-27,a,0,1,0,0,0,6521,6521,0
c,b,N,20057,222,60,51,a,1,0,0,0,0,130,130,0
a,a,W,25061,53,32,-32,a,0,0,0,0,0,0,0,0
a,a,W,9270,124,7,18,a,1,0,0,0,0,549,549,0
b,a,N,52312,147,8,-44,a,0,0,0,0,0,0,0,0
a,a,W,15997,52,-5,-8,a,1,0,0,0,0,618,618,0
a,a,N,8804,89,-13,-10,c,0,1,0,0,0,3198,3198,0
a,a,W,7996,344,21,45,a,0,1,0,0,0,1230,1230,0
a,a,W,569148,952,100,58,a,0,0,1,0,0,42436,30863,1
a,b,W,25338,358,9,-39,a,0,1,0,0,0,3139,3139,0
a,a,N,56669,11,13,-50,a,0,0,0,0,0,0,0,0
b,b,N,480027,2499,77,30,b,0,0,1,0,0,27653,11409,1
a,a,N,11841,699,-82,27,a,0,1,0,0,0,5244,5244,0
a,a,N,11354,48,-2,19,a,1,0,0,0,0,207,207,0
a,a,W,47413,147,-25,-9,a,0,0,0,0,0,0,0,0
a,a,N,19733,14,-2,47,a,0,0,0,0,0,0,0,0
a,a,W,87231,211,37,3,a,0,0,0,0,0,0,0,0
b,a,W,18986,388,-21,28,a,0,0,0,0,0,0,0,0
b,b,W,10706,65,24,-18,a,0,1,0,0,0,2982,2982,0
b,b,W,20961,130,-1,-2,a,0,0,0,0,0,0,0,0
a,a,W,12504,57,33,19,a,1,0,0,0,0,682,682,0
c,b,W,9916,33,10,-45,a,0,1,0,0,0,3326,3326,0
a,a,W,1840,34,13,11,a,0,1,0,0,0,1082,1082,0
a,c,N,96559,561,-10,30,a,0,1,0,0,0,2063,2063,0
a,a,W,9763,225,-46,52,a,0,1,0,0,0,1591,1591,0
a,c,N,39643,308,-1,-43,b,0,0,0,0,0,0,0,0
a,b,W,66599,221,-1,39,a,0,1,0,0,0,2756,2756,0
a,b,N,75404,161,39,-23,a,0,0,0,0,0,0,0,0
b,a,W,127552,1222,49,101,b,0,0,1,0,0,28617,10632,1
a,a,N,46234,80,0,6,b,0,1,0,0,0,4320,4320,0
a,a,W,3703,1146,31,-13,a,0,1,0,0,0,3710,3710,0
a,a,N,42638,445,-10,-24,a,0,0,0,0,0,0,0,0
a,a,N,45816,67,59,-11,a,0,1,0,0,0,1784,1784,0
a,c,N,28293,566,18,-36,b,0,1,0,0,0,2868,2868,0
a,a,W,75166,127,-9,-19,a,0,0,0,0,0,0,0,0
a,a,W,74180,77,78,10,a,1,0,0,0,0,162,162,0
b,a,N,7929,408,-8,30,b,0,0,0,0,0,0,0,0
c,a,N,8548,110,-17,18,a,0,0,0,0,0,0,0,0
b,a,W,34428,185,-3,-4,a,0,1,0,0,0,2003,2003,0
a,a,W,42597,168,-15,3,a,0,1,0,0,0,4180,4180,0
a,a,W,74950,512,18,1,a,0,1,0,0,0,2186,2186,0
a,b,W,231430,90,28,-19,a,0,1,0,0,0,2596,2596,0
a,a,W,28149,51,-34,25,a,0,0,0,0,0,0,0,0
c,b,N,29725,117,-8,-14,a,1,0,0,0,0,365,365,0
b,c,N,2952,282,34,19,b,1,0,0,0,0,181,181,0
a,a,N,5094,199,-15,9,a,0,0,0,0,0,0,0,0
a,b,N,63878,12,-53,37,a,1,0,0,0,0,479,479,0
b,a,W,105212,460,-20,2,a,1,0,0,0,0,672,672,0
a,a,W,12174,785,-30,-26,a,0,0,0,0,0,0,0,0
a,a,N,13301,397,-4,-29,a,1,0,0,0,0,522,522,0
b,a,W,18060,385,-18,0,a,1,0,0,0,0,144,144,0
a,c,W,124404,387,8,5,a,1,0,0,0,0,780,780,0
a,a,N,12644,182,-20,-35,a,0,0,0,0,0,0,0,0
a,a,N,72751,336,-18,49,a,1,0,0,0,0,836,836,0
a,a,W,21708,193,-67,4,b,1,0,0,0,0,598,598,0
a,a,N,22894,361,25,-41,a,0,0,0,0,0,0,0,0
a,c,W,37297,161,24,-37,a,1,0,0,0,0,162,162,0
b,a,N,58094,698,68,1,a,0,0,0,0,0,0,0,0
a,a,W,13287,381,-15,53,b,1,0,0,0,0,371,371,0
a,a,N,24933,177,-23,5,a,0,0,0,0,0,0,0,0
a,a,W,106226,1189,-26,-1,a,0,1,0,0,0,1576,1576,0
a,a,W,33866,111,27,-13,b,0,0,0,0,0,0,0,0
a,a,W,9639,93,-71,16,b,0,1,0,0,0,2056,2056,0
a,a,N,14618,292,-26,-34,b,0,0,0,0,0,0,0,0
a,b,W,22860,1167,-5,14,a,0,0,0,0,0,0,0,0
a,a,W,66185,172,29,41,b,0,0,0,0,0,0,0,0
b,b,N,3589,31,-12,-53,a,0,0,0,0,0,0,0,0
a,c,N,15233,44,38,-4,a,1,0,0,0,0,314,314,0
a,c,W,4610,375,41,32,a,1,0,0,0,0,824,824,0
a,a,W,62351,43,10,6,a,0,0,0,0,0,0,0,0
a,c,N,64856,271,-45,-28,a,1,0,0,0,0,572,572,0
a,b,N,34942,674,22,-9,a,0,0,0,0,0,0,0,0
a,b,W,6931,79,37,-23,a,0,1,0,0,0,2325,2325,0
a,a,W,48529,25,-51,-24,a,0,0,0,0,0,0,0,0
c,a,N,1500,59,-10,-30,a,0,1,0,0,0,1093,1093,0
a,c,W,16381,479,22,-22,a,0,1,0,0,0,1427,1427,0
a,a,W,44068,59,-36,-18,a,0,0,0,0,0,0,0,0
a,a,W,18791,15,-1,-38,a,0,0,0,0,0,0,0,0
a,a,N,124851,2361,45,44,a,0,1,0,0,0,27222,8571,1
a,b,N,23058,165,11,4,a,0,0,0,0,0,0,0,0
a,a,W,45843,73,25,-1,a,0,0,0,0,0,0,0,0
b,c,W,18132,258,-32,-9,a,0,1,0,0,0,3248,3248,0
b,a,W,42601,43,25,-16,a,0,0,0,0,0,0,0,0
a,a,N,88646,287,7,-92,a,0,0,0,0,0,0,0,0
b,a,W,14583,52,35,-7,a,0,0,0,0,0,0,0,0
a,a,N,153453,124,-14,-16,a,0,0,0,0,0,0,0,0
a,a,W,9916,229,-4,6,c,0,1,0,0,0,1654,1654,0
b,a,N,137055,2701,32,68,a,0,0,1,0,0,25424,19124,1
b,a,W,19585,269,55,-10,a,0,0,0,0,0,0,0,0
a,a,N,18183,62,1,-28,b,0,1,0,0,0,1015,1015,0
a,a,N,31965,204,6,32,b,0,0,0,0,0,0,0,0
a,a,W,21961,110,9,-19,a,0,0,0,0,0,0,0,0
a,a,N,114174,1998,72,92,a,0,0,1,0,0,20187,13795,1
b,a,W,18928,79,26,16,a,1,0,0,0,0,445,445,0
a,a,N,15868,66,0,28,a,0,0,0,0,0,0,0,0
a,c,W,6315,83,-3,-38,a,0,1,0,0,0,2086,2086,0
a,a,N,25179,82,36,13,a,1,0,0,0,0,634,634,0
a,a,N,5980,229,-14,13,b,0,1,0,0,0,3019,3019,0
b,a,W,8209,50,-14,21,c,0,0,0,0,0,0,0,0
b,a,N,64858,177,-33,22,b,0,0,0,0,0,0,0,0
a,a,W,41762,481,-40,31,a,0,0,0,0,0,0,0,0
a,a,W,53927,266,9,-33,a,0,0,0,0,0,0,0,0
a,a,W,91783,57,-24,32,a,0,0,0,0,0,0,0,0
a,a,N,354160,304,63,0,a,0,0,1,0,0,133595,43206,1
a,a,N,101983,495,121,164,a,0,0,1,0,0,65513,36588,1
a,a,N,2242,168,47,-21,a,0,0,0,0,0,0,0,0
a,a,W,98257,244,-8,2,b,0,1,0,0,0,2925,2925,0
a,a,W,1039,34,81,12,b,0,1,0,0,0,2879,2879,0
b,c,N,92011,320,22,-17,a,0,1,0,0,0,1071,1071,0
a,a,W,125505,198,20,20,a,0,0,0,0,0,0,0,0
b,b,N,35348,1298,-5,1,a,0,1,0,0,0,1525,1525,0
a,a,N,4040,114,-28,57,b,0,0,0,0,0,0,0,0
b,b,W,16862,140,-2,28,a,0,1,0,0,0,2023,2023,0
a,a,W,182789,1183,46,5,c,0,1,0,0,0,4276,4276,0
a,a,W,38888,167,22,4,a,0,0,0,0,0,0,0,0
a,a,W,2796,60,24,15,b,0,0,0,0,0,0,0,0
c,a,N,397601,5984,44,72,a,0,0,1,0,0,35674,16704,1
a,b,W,66929,147,51,5,b,0,1,0,0,0,1788,1788,0
a,a,W,64813,906,-57,17,b,0,1,0,0,0,4070,4070,0
a,a,W,6892,577,25,33,a,0,0,0,0,0,0,0,0
b,a,N,15283,20,4,-45,a,0,0,0,0,0,0,0,0
b,a,W,11698,80,-80,-3,b,0,0,0,0,0,0,0,0
b,a,W,53766,407,-59,24,a,0,1,0,0,0,1709,1709,0
b,a,N,97290,26,-24,-14,a,0,1,0,0,0,2237,2237,0
b,a,N,29143,82,17,21,b,1,0,0,0,0,447,447,0
a,a,N,46775,41,14,-9,b,0,0,0,0,0,0,0,0
a,b,W,48517,170,24,2,a,0,1,0,0,0,1283,1283,0
a,c,N,134410,2486,95,50,a,0,1,0,0,0,11392,8006,1
a,a,N,33635,190,-4,12,a,0,1,0,0,0,5576,5576,0
a,a,W,84388,118,47,36,a,0,0,0,0,0,0,0,0
a,a,W,181637,365,61,48,b,0,0,1,0,0,27427,22720,1
a,a,N,13659,44,-30,15,a,0,0,0,0,0,0,0,0
a,b,W,3908,554,-24,-29,c,1,0,0,0,0,164,164,0
a,a,W,12005,224,1,19,a,0,0,0,0,0,0,0,0
a,a,N,16271,488,25,20,a,0,0,0,0,0,0,0,0
a,a,W,242879,569,45,154,b,0,0,1,0,0,74374,30173,1
a,c,W,24690,260,-16,-22,a,0,0,0,0,0,0,0,0
b,b,N,15373,261,-2,-17,a,0,0,0,0,0,0,0,0
a,b,N,8213,209,-28,7,c,0,0,0,0,0,0,0,0
b,a,W,31320,338,4,26,b,0,0,0,0,0,0,0,0
a,a,N,14746,114,4,-19,a,1,0,0,0,0,67,67,0
a,b,N,104390,209,-3,14,a,0,0,0,0,0,0,0,0
a,a,W,9568,150,5,7,a,0,0,0,0,0,0,0,0
a,a,W,95803,124,23,19,c,0,0,0,0,0,0,0,0
a,a,W,77027,401,2,-8,b,0,0,0,0,0,0,0,0
a,a,N,142071,1235,73,74,a,0,0,1,0,0,64378,22023,1
b,a,N,97400,278,9,19,a,0,0,0,0,0,0,0,0
b,b,W,40040,11,18,4,b,0,1,0,0,0,8382,8382,0
b,a,W,113122,79,-27,3,a,1,0,0,0,0,745,745,0
c,b,W,90266,55,-16,56,b,1,0,0,0,0,509,509,0
a,b,W,5339,147,27,-2,c,0,0,0,0,0,0,0,0
a,c,N,19458,233,14,-11,b,0,0,0,0,0,0,0,0
a,a,N,87177,240,-43,11,a,0,0,0,0,0,0,0,0
a,a,N,6611,328,13,6,a,0,0,0,0,0,0,0,0
b,c,N,60708,1402,-25,-16,a,1,0,0,0,0,426,426,0
b,a,N,21428,27,28,19,a,0,1,0,0,0,7678,7678,0
b,a,N,19832,15,-23,18,a,0,1,0,0,0,1924,1924,0
b,a,W,9753,62,-47,-14,a,0,0,0,0,0,0,0,0
a,a,N,13613,103,5,1,a,0,0,0,0,0,0,0,0
a,a,N,15424,374,58,11,a,1,0,0,0,0,503,503,0
a,a,N,36113,196,-2,47,a,0,1,0,0,0,1624,1624,0
c,a,N,4464,66,32,34,b,1,0,0,0,0,216,216,0
b,a,W,1536,602,9,27,a,1,0,0,0,0,314,314,0
a,b,W,41081,1520,-30,-4,a,0,0,0,0,0,0,0,0
a,a,N,24324,304,49,51,a,0,1,0,0,0,3513,3513,0
a,a,W,2133,200,-19,-4,a,0,1,0,0,0,5170,5170,0
a,c,W,79586,667,26,-6,b,0,1,0,0,0,3858,3858,0
b,a,W,10615,108,-49,6,a,1,0,0,0,0,109,109,0
a,b,W,16963,180,63,24,a,0,0,0,0,0,0,0,0
a,a,N,23507,159,-27,42,a,0,0,0,0,0,0,0,0
a,b,N,21637,630,1,-28,c,0,1,0,0,0,1239,1239,0
b,a,N,10716,71,-9,48,a,1,0,0,0,0,134,134,0
a,a,N,21272,187,-46,-35,a,0,1,0,0,0,1058,1058,0
a,a,N,36762,214,-1,-6,a,0,1,0,0,0,3782,3782,0
a,a,W,8272,16,-7,9,a,0,1,0,0,0,1468,1468,0
a,a,N,93716,389,24,-24,a,0,0,0,0,0,0,0,0
a,b,N,32889,81,-12,-12,b,0,1,0,0,0,3809,3809,0
b,a,W,55382,64,35,0,a,0,0,0,0,0,0,0,0
b,b,W,40981,692,16,31,b,0,1,0,0,0,4429,4429,0
a,a,N,14244,244,-28,-19,a,0,0,0,0,0,0,0,0
a,a,W,73814,617,28,16,a,0,1,0,0,0,1993,1993,0
b,c,N,8537,101,52,26,b,0,0,0,0,0,0,0,0
a,c,W,22035,1049,29,-12,a,0,0,0,0,0,0,0,0
a,a,N,12234,246,37,-22,a,1,0,0,0,0,481,481,0
a,b,N,173378,416,61,77,b,0,0,1,0,0,142073,42663,1
a,a,N,56127,776,1,65,c,0,0,0,0,0,0,0,0
a,a,N,73330,36,55,3,a,0,0,0,0,0,0,0,0
c,a,W,92227,37,-48,-21,a,0,0,0,0,0,0,0,0
b,c,N,22009,155,0,45,a,0,0,0,0,0,0,0,0
a,c,N,2473,273,-28,-48,a,0,0,0,0,0,0,0,0
a,a,N,19438,150,-24,12,a,0,1,0,0,0,5194,5194,0
a,b,N,109943,340,-5,50,a,0,0,0,0,0,0,0,0
a,b,W,135016,631,25,-22,a,1,0,0,0,0,889,889,0
a,a,W,58411,108,26,-23,a,1,0,0,0,0,917,917,0
a,a,N,84522,90,-50,-17,b,0,1,0,0,0,4777,4777,0
b,a,N,86344,74,-54,65,a,1,0,0,0,0,986,986,0
a,a,W,9853,376,-19,19,a,1,0,0,0,0,423,423,0
b,b,N,20215,473,-43,-11,b,0,1,0,0,0,7289,7289,0
a,a,N,24659,627,-40,-29,a,0,1,0,0,0,2490,2490,0
a,a,W,2353,57,-54,-25,a,0,1,0,0,0,4979,4979,0
a,a,W,69518,50,37,-4,a,0,1,0,0,0,1667,1667,0
c,b,W,130207,630,-53,74,b,1,0,0,0,0,515,515,0
a,a,N,31223,360,-59,-7,a,1,0,0,0,0,226,226,0
a,a,N,35108,327,26,7,a,0,1,0,0,0,2934,2934,0
a,a,N,77547,958,-17,-48,c,0,0,0,0,0,0,0,0
a,a,N,15872,133,22,-6,a,0,0,0,0,0,0,0,0
b,b,W,25486,197,-15,3,b,0,0,0,0,0,0,0,0
a,a,W,10743,486,-30,21,a,0,0,0,0,0,0,0,0
c,a,W,401599,2936,74,94,b,0,0,1,0,0,35991,13396,1
b,a,W,28588,25,-42,-46,a,0,0,0,0,0,0,0,0
a,a,N,35439,111,-11,-11,b,0,0,0,0,0,0,0,0
a,c,N,127387,59,5,26,c,1,0,0,0,0,627,627,0
a,a,W,106091,32,16,22,b,1,0,0,0,0,699,699,0
c,b,N,4003,172,-4,-44,a,0,0,0,0,0,0,0,0
a,a,W,48928,78,27,-11,b,0,0,0,0,0,0,0,0
a,a,W,4826,555,-20,36,a,0,0,0,0,0,0,0,0
a,c,N,20856,56,17,10,a,0,1,0,0,0,3460,3460,0
a,a,N,127231,103,16,3,b,0,0,0,0,0,0,0,0
a,a,N,2731,10,-5,33,a,0,0,0,0,0,0,0,0
a,c,N,11152,148,-36,-59,a,0,0,0,0,0,0,0,0
b,b,N,1724,15,-32,-47,a,0,0,0,0,0,0,0,0
a,a,N,16649,490,32,9,a,0,1,0,0,0,1484,1484,0
a,a,N,41170,80,-5,-2,a,0,1,0,0,0,1238,1238,0
b,a,N,24378,141,-15,-38,a,0,0,0,0,0,0,0,0
a,b,W,4007,289,5,14,a,1,0,0,0,0,219,219,0
a,a,W,14593,94,47,18,a,1,0,0,0,0,18,18,0
a,c,N,13674,223,-25,28,b,0,1,0,0,0,2750,2750,0
a,a,N,56688,179,-17,4,a,0,0,0,0,0,0,0,0
a,a,W,11216,504,60,-19,a,0,0,0,0,0,0,0,0
a,a,W,24851,300,6,4,a,0,1,0,0,0,1571,1571,0
c,a,W,21636,385,24,19,a,0,1,0,0,0,4043,4043,0
a,a,W,595795,316,-3,32,a,0,0,1,0,0,43232,30711,1
a,a,N,29946,205,-33,-29,a,0,0,0,0,0,0,0,0
a,b,W,38633,302,-6,-29,a,0,0,0,0,0,0,0,0
b,a,W,18989,267,-5,-16,a,0,0,0,0,0,0,0,0
b,a,W,44329,16,-4,-6,a,0,1,0,0,0,1687,1687,0
a,c,W,2669,376,-47,-22,a,0,0,0,0,0,0,0,0
a,c,N,11141,136,21,-6,b,0,1,0,0,0,1231,1231,0
a,a,W,81929,1135,-25,-14,a,0,1,0,0,0,4642,4642,0
a,c,N,17666,684,-59,8,a,1,0,0,0,0,19,19,0
a,a,N,59037,2962,85,42,b,0,0,1,0,0,128203,48572,1
a,a,N,139712,601,87,124,b,0,0,1,0,0,148585,57104,1
a,b,N,4341,202,-4,9,a,1,0,0,0,0,430,430,0
a,b,N,14767,780,11,13,a,0,0,0,0,0,0,0,0
a,b,W,72074,240,4,17,a,0,0,0,0,0,0,0,0
a,b,N,57507,161,-5,-5,a,1,0,0,0,0,476,476,0
a,a,W,16491,113,-2,-7,a,0,1,0,0,0,1907,1907,0
a,a,W,13652,385,79,29,a,1,0,0,0,0,114,114,0
a,a,N,48479,84,13,20,b,1,0,0,0,0,918,918,0
b,a,N,95141,388,27,4,a,0,0,0,0,0,0,0,0
a,a,W,23565,880,-9,48,a,1,0,0,0,0,482,482,0
a,a,N,22489,1243,9,7,a,0,0,0,0,0,0,0,0
a,b,N,30469,154,-52,7,a,0,1,0,0,0,5453,5453,0
a,b,N,46909,546,-4,25,a,0,0,0,0,0,0,0,0
a,a,W,32115,54,-4,-17,a,1,0,0,0,0,6,6,0
a,a,W,156507,605,53,115,b,0,0,1,0,0,114359,40522,1
a,b,N,30334,913,-13,41,c,0,0,0,0,0,0,0,0
a,a,N,13376,192,19,-14,a,1,0,0,0,0,147,147,0
b,c,N,74779,32,-23,34,b,0,0,0,0,0,0,0,0
b,a,W,8132,185,-5,-14,a,0,0,0,0,0,0,0,0
c,a,N,63594,128,4,-24,a,0,1,0,0,0,2602,2602,0
a,b,N,12850,854,-21,-31,a,0,1,0,0,0,2871,2871,0
a,b,N,105977,269,-33,18,a,1,0,0,0,0,910,910,0
c,a,N,25896,666,15,-18,a,0,1,0,0,0,2366,2366,0
a,a,W,27014,1197,13,14,a,0,1,0,0,0,1609,1609,0
a,b,N,34002,145,-14,9,b,1,0,0,0,0,471,471,0
a,a,N,24709,160,4,-38,a,0,0,0,0,0,0,0,0
a,b,W,22022,269,1,-32,a,0,0,0,0,0,0,0,0
a,a,N,11609,394,-29,10,a,1,0,0,0,0,775,775,0
a,a,N,37398,70,-26,21,a,0,0,0,0,0,0,0,0
a,a,W,11563,321,75,-11,a,1,0,0,0,0,250,250,0
a,a,N,23383,369,-9,13,b,0,1,0,0,0,1137,1137,0
a,a,W,39585,502,25,0,a,1,0,0,0,0,358,358,0
a,a,N,43937,394,10,-5,a,1,0,0,0,0,177,177,0
a,a,N,70518,223,-7,5,a,0,1,0,0,0,1135,1135,0
a,a,N,7664,135,-32,44,a,0,0,0,0,0,0,0,0
a,a,W,27106,892,-7,-12,a,0,0,0,0,0,0,0,0
a,a,N,128853,2047,120,84,a,0,0,1,0,0,45101,30653,1
a,c,W,63685,376,14,-18,a,0,0,0,0,0,0,0,0
a,a,W,45807,339,1,48,a,0,0,0,0,0,0,0,0
a,a,W,1908,786,42,5,a,0,0,0,0,0,0,0,0
a,a,W,2566,261,34,-2,a,0,0,0,0,0,0,0,0
a,b,W,23311,618,35,29,a,1,0,0,0,0,689,689,0
b,a,W,136385,383,36,13,a,0,1,0,0,0,1359,1359,0
a,a,N,12526,254,86,13,a,0,1,0,0,0,2466,2466,0
a,a,N,19541,195,-26,0,c,1,0,0,0,0,246,246,0
a,b,N,123181,21,-2,30,a,0,1,0,0,0,2800,2800,0
a,b,N,46434,2202,-7,13,b,0,1,0,0,0,9264,9264,0
c,a,W,21906,245,-3,-20,b,1,0,0,0,0,211,211,0
c,a,N,191082,873,128,78,b,0,0,1,0,0,37325,13911,1
a,a,N,10350,404,38,-39,b,0,0,0,0,0,0,0,0
a,a,W,6807,30,13,50,a,0,0,0,0,0,0,0,0
b,b,N,55986,214,-75,-19,a,0,0,0,0,0,0,0,0
b,a,W,65617,88,-18,22,a,1,0,0,0,0,11,11,0
a,a,N,11251,300,73,-2,a,0,1,0,0,0,1534,1534,0
a,a,N,102862,1763,38,84,a,0,0,1,0,0,95422,30591,1
a,a,W,20082,268,-49,44,a,0,0,0,0,0,0,0,0
a,a,N,122871,27,45,28,a,0,1,0,0,0,1790,1790,0
a,b,N,14040,125,-14,26,a,0,0,0,0,0,0,0,0
c,a,N,83710,1210,-21,17,c,1,0,0,0,0,861,861,0
b,a,N,3950,633,-9,-28,b,0,0,0,0,0,0,0,0
a,a,W,63232,334,-66,-5,a,0,0,0,0,0,0,0,0
a,a,N,78720,64,7,-12,a,1,0,0,0,0,323,323,0
a,a,W,6299,157,35,20,a,0,0,0,0,0,0,0,0
a,a,W,21805,841,-30,21,a,0,1,0,0,0,2668,2668,0
a,a,N,50770,257,-29,-17,b,1,0,0,0,0,713,713,0
a,c,W,2348,23,-27,13,a,0,0,0,0,0,0,0,0
a,a,N,32755,551,-31,21,a,0,0,0,0,0,0,0,0
a,a,W,30060,238,-45,0,a,1,0,0,0,0,296,296,0
a,a,W,28544,55,-33,34,a,0,1,0,0,0,4075,4075,0
b,a,W,26159,347,33,-2,a,0,0,0,0,0,0,0,0
a,a,W,26822,74,2,3,a,0,0,0,0,0,0,0,0
a,a,N,2501,722,-26,-1,c,0,0,0,0,0,0,0,0
a,a,N,43943,211,47,-14,a,0,0,0,0,0,0,0,0
b,b,N,57116,881,-22,1,a,0,1,0,0,0,1875,1875,0
a,a,N,121945,664,-26,35,a,0,0,0,0,0,0,0,0
a,a,W,44692,22,15,-15,a,0,0,0,0,0,0,0,0
a,b,N,49442,242,19,3,b,0,1,0,0,0,4017,4017,0
a,a,N,7397,389,28,-24,a,0,0,0,0,0,0,0,0
a,a,N,2741,325,3,-52,c,0,0,0,0,0,0,0,0
a,a,W,27601,103,-1,12,b,0,0,0,0,0,0,0,0
a,b,W,56481,14,6,-5,b,0,0,0,0,0,0,0,0
b,a,W,1045520,729,128,87,a,0,0,1,0,0,42066,20016,1
a,a,W,83359,256,33,21,a,0,1,0,0,0,1197,1197,0
a,c,W,47410,200,34,-26,b,0,0,0,0,0,0,0,0
a,a,N,62258,404,7,-1,b,0,1,0,0,0,9081,9081,0
b,b,W,14430,168,29,-32,a,0,1,0,0,0,2010,2010,0
a,b,N,36915,80,-36,-7,a,0,0,0,0,0,0,0,0
a,a,W,60193,164,48,-9,a,0,0,0,0,0,0,0,0
a,b,W,9020,149,8,20,c,0,0,0,0,0,0,0,0
a,b,W,37105,707,-22,23,a,0,0,0,0,0,0,0,0
b,b,W,115474,1613,50,29,a,0,0,1,0,0,93867,28706,1
b,a,W,254756,5370,55,130,a,0,0,1,0,0,88729,44419,1
a,c,W,70420,587,-13,40,a,1,0,0,0,0,45,45,0
a,a,N,94302,1415,104,66,a,0,0,1,0,0,15851,12915,1
a,b,W,25156,139,-2,-36,a,0,0,0,0,0,0,0,0
a,a,W,4146,566,22,-48,a,0,0,0,0,0,0,0,0
c,a,N,32472,149,-8,2,a,1,0,0,0,0,657,657,0
a,a,W,46032,717,-46,-26,a,0,1,0,0,0,3175,3175,0
a,a,W,10495,240,37,40,a,0,0,0,0,0,0,0,0
a,a,N,6830,79,8,-32,a,0,0,0,0,0,0,0,0
a,a,N,48081,469,-16,-33,a,1,0,0,0,0,718,718,0
a,a,W,33639,432,-48,-10,a,0,0,0,0,0,0,0,0
b,a,W,5469,737,29,31,a,0,0,1,0,0,12391,12391,0
a,a,W,2573,553,-3,-15,b,0,0,0,0,0,0,0,0
a,a,W,94999,111,6,3,b,0,1,0,0,0,1114,1114,0
a,b,W,19675,175,-47,-20,a,0,0,0,0,0,0,0,0
b,a,W,237916,2409,68,42,a,0,0,1,0,0,64382,28433,1
a,a,N,28468,343,-2,2,a,1,0,0,0,0,39,39,0
a,a,N,20421,72,-3,7,b,0,0,0,0,0,0,0,0
a,b,N,15889,281,10,-3,a,0,0,0,0,0,0,0,0
a,a,N,1881,151,-60,14,a,0,0,0,0,0,0,0,0
b,a,W,11110,280,-20,-11,b,0,0,0,0,0,0,0,0
a,a,N,4299,258,-5,26,a,0,0,0,0,0,0,0,0
a,c,W,2582,94,-26,-20,a,0,1,0,0,0,2901,2901,0
a,a,W,652550,259,40,-8,a,0,0,1,0,0,172262,60948,1
a,b,N,32007,124,-13,15,a,0,0,0,0,0,0,0,0
a,a,W,13815,549,-10,-35,b,1,0,0,0,0,738,738,0
b,b,N,8708,248,-29,-26,a,1,0,0,0,0,246,246,0
a,a,N,102518,1328,0,-24,a,0,0,0,0,0,0,0,0
a,a,N,22883,918,26,30,a,0,1,0,0,0,5794,5794,0
a,a,N,5900,316,-43,10,a,0,0,0,0,0,0,0,0
c,c,N,2673,881,12,-14,a,0,0,0,0,0,0,0,0
a,a,W,3477,535,9,13,a,1,0,0,0,0,607,607,0
a,a,N,7297,260,45,14,a,0,0,0,0,0,0,0,0
a,b,W,88059,580,-10,22,a,0,1,0,0,0,1426,1426,0
a,a,W,106991,887,46,16,a,0,0,0,0,0,0,0,0
a,a,W,8171,1010,-10,7,a,0,0,0,0,0,0,0,0
c,a,W,5099,775,-3,-8,a,0,1,0,0,0,2781,2781,0
b,a,N,1616,74,-16,40,a,0,0,0,0,0,0,0,0
a,a,W,140417,138,-20,3,a,0,1,0,0,0,5095,5095,0
a,b,N,147518,424,77,54,a,0,0,1,0,0,45138,15959,1
a,a,W,71996,155,48,22,a,1,0,0,0,0,752,752,0
b,b,N,104713,1038,64,59,a,0,1,0,0,0,14529,9135,1
a,a,N,37997,294,11,-15,a,0,1,0,0,0,3101,3101,0
a,a,N,11977,188,30,-3,a,0,0,0,0,0,0,0,0
b,a,N,20137,558,29,0,a,0,0,0,0,0,0,0,0
a,a,N,66327,115,-51,-18,a,0,1,0,0,0,3135,3135,0
b,a,W,91914,151,26,-19,a,0,0,0,0,0,0,0,0
a,b,W,11388,187,-23,-6,a,0,0,0,0,0,0,0,0
a,b,W,40199,12,31,-14,c,0,1,0,0,0,1289,1289,0
a,a,W,5898,998,23,0,b,0,1,0,0,0,2014,2014,0
a,a,N,78243,472,25,51,a,0,0,0,0,0,0,0,0
c,a,W,43769,172,-6,6,b,0,0,0,0,0,0,0,0
a,b,W,35039,17,-38,35,a,0,1,0,0,0,1020,1020,0
a,a,W,10172,200,-5,-2,a,0,0,0,0,0,0,0,0
a,b,W,35529,133,-33,21,a,0,0,0,0,0,0,0,0
a,a,W,37250,576,52,-14,b,0,1,0,0,0,1027,1027,0
a,b,N,8059,292,-29,4,a,0,1,0,0,0,2590,2590,0
a,a,N,19933,101,-10,-28,a,1,0,0,0,0,147,147,0
b,a,W,15725,163,28,27,b,0,0,0,0,0,0,0,0
a,b,N,121644,491,-19,1,b,0,0,0,0,0,0,0,0
a,b,W,18797,104,31,0,a,0,0,0,0,0,0,0,0
b,a,N,16362,44,-37,-30,a,0,1,0,0,0,5949,5949,0
a,a,N,2503,283,-35,-9,a,0,0,0,0,0,0,0,0
b,a,W,17627,498,13,20,a,0,0,0,0,0,0,0,0
a,a,N,1631,83,-43,-29,b,0,0,0,0,0,0,0,0
a,a,W,11183,267,31,-8,a,0,0,0,0,0,0,0,0
a,a,W,83850,221,-17,-50,b,0,1,0,0,0,1803,1803,0
a,c,N,4764,32,9,-67,a,0,1,0,0,0,1240,1240,0
a,a,N,102546,248,23,12,a,0,1,0,0,0,6122,6122,0
a,a,N,22815,439,7,6,a,0,0,0,0,0,0,0,0
a,a,N,5565,576,31,-43,a,0,0,0,0,0,0,0,0
a,a,W,8295,666,-25,-2,a,0,0,0,0,0,0,0,0
a,a,W,12822,466,2,15,a,0,0,0,0,0,0,0,0
a,a,W,13762,215,9,14,a,0,1,0,0,0,1392,1392,0
a,a,W,36714,336,2,28,a,0,0,0,0,0,0,0,0
a,c,W,27303,986,21,-9,a,0,0,0,0,0,0,0,0
a,c,W,56807,227,8,-4,a,0,0,0,0,0,0,0,0
a,a,N,5843,124,37,-13,a,0,0,0,0,0,0,0,0
a,a,W,16155,64,5,4,a,0,0,0,0,0,0,0,0
a,b,W,63233,491,-19,26,a,1,0,0,0,0,899,899,0
b,a,N,2337,759,13,32,a,1,0,0,0,0,300,300,0
a,b,N,30783,193,-28,-45,a,0,0,0,0,0,0,0,0
a,b,W,93551,734,13,20,a,0,0,0,0,0,0,0,0
b,a,W,52148,552,-7,31,b,1,0,0,0,0,261,261,0
a,a,N,46477,104,59,7,a,0,0,0,0,0,0,0,0
a,c,W,12799,97,7,22,a,0,0,0,0,0,0,0,0
b,b,N,106050,2015,21,-55,a,0,0,0,0,0,0,0,0
a,b,N,445287,3191,67,54,a,0,0,1,0,0,39417,14076,1
c,a,N,106637,34,-12,-13,a,0,0,0,0,0,0,0,0
b,b,W,83566,21,5,-24,a,0,0,0,0,0,0,0,0
a,a,W,16855,35,-53,0,a,0,0,0,0,0,0,0,0
c,a,N,104211,197,-3,-22,a,0,0,0,0,0,0,0,0
b,a,N,47349,67,-4,6,a,1,0,0,0,0,672,672,0
a,c,W,15271,197,1,11,a,0,0,0,0,0,0,0,0
c,b,W,23096,1259,11,-24,a,0,0,0,0,0,0,0,0
a,b,W,105499,1727,71,36,b,1,0,0,0,0,940,940,0
a,a,N,132193,625,72,20,a,0,0,1,0,0,102029,34393,1
a,a,N,7281,429,52,45,a,0,1,0,0,0,2860,2860,0
a,b,N,19496,74,-18,-9,b,0,1,0,0,0,2734,2734,0
a,a,W,25028,166,53,-10,a,0,1,0,0,0,2400,2400,0
a,b,N,35182,320,46,-5,a,0,1,0,0,0,2503,2503,0
a,a,N,32347,121,2,-25,a,0,0,1,0,0,10381,10381,0
a,b,N,69316,410,-18,-6,b,0,0,0,0,0,0,0,0
a,b,W,102045,228,-47,10,a,0,0,0,0,0,0,0,0
a,a,N,20779,311,42,1,a,1,0,0,0,0,594,594,0
a,a,N,117847,59,-22,-9,b,0,0,0,0,0,0,0,0
b,a,W,28604,595,31,25,a,0,1,0,0,0,2266,2266,0
a,b,N,4481,405,57,-23,a,0,1,0,0,0,2689,2689,0
a,a,W,60671,11,-37,54,a,0,0,0,0,0,0,0,0
a,b,W,50811,31,-35,-9,a,0,0,0,0,0,0,0,0
a,a,N,16819,150,26,63,c,0,1,0,0,0,9973,9973,0
a,b,W,7118,387,-13,-10,a,0,1,0,0,0,2423,2423,0
c,a,N,10629,227,11,36,b,0,0,0,0,0,0,0,0
a,a,W,4394,178,17,13,c,0,1,0,0,0,1766,1766,0
a,c,N,13010,134,-7,7,a,0,0,0,0,0,0,0,0
a,a,W,55119,195,-28,1,a,0,0,1,0,0,14005,14005,0
a,a,W,32094,462,7,-20,a,0,0,0,0,0,0,0,0
a,a,W,20963,176,-17,24,a,0,0,0,0,0,0,0,0
a,a,N,128106,111,-12,33,a,0,1,0,0,0,4401,4401,0
a,a,N,194560,2139,114,74,b,0,0,1,0,0,45152,15971,1
a,a,N,23852,273,42,35,a,0,0,0,0,0,0,0,0
a,b,W,152766,162,-20,-10,b,1,0,0,0,0,806,806,0
b,a,W,5464,371,-8,-11,b,1,0,0,0,0,12,12,0
a,a,N,13377,256,-22,-49,c,0,0,0,0,0,0,0,0
c,a,N,3326,486,-21,9,b,0,0,0,0,0,0,0,0
a,b,W,57106,4670,137,35,a,0,0,1,0,0,107520,36577,1
a,a,W,53988,204,32,-6,b,0,1,0,0,0,1123,1123,0
a,c,W,45787,655,10,8,a,0,1,0,0,0,1913,1913,0
b,a,N,10190,41,-10,41,a,0,1,0,0,0,7766,7766,0
a,a,W,14680,592,18,45,a,0,1,0,0,0,1800,1800,0
a,a,N,3822,63,3,38,a,1,0,0,0,0,982,982,0
a,a,W,43654,673,-10,-12,a,0,1,0,0,0,4951,4951,0
a,b,N,69696,785,-8,-16,a,0,1,0,0,0,3500,3500,0
a,a,W,6121,61,3,-6,a,0,0,0,0,0,0,0,0
a,a,W,63479,571,-28,34,a,0,1,0,0,0,2269,2269,0
a,a,N,2628,61,6,-34,a,0,0,0,0,0,0,0,0
a,a,W,22116,640,-47,-8,b,0,0,0,0,0,0,0,0
a,b,W,40792,629,3,-2,a,0,0,0,0,0,0,0,0
a,a,W,21768,756,-27,10,a,0,0,0,0,0,0,0,0
a,a,N,4815,265,-47,15,b,0,0,0,0,0,0,0,0
a,a,W,7742,457,26,12,b,0,0,0,0,0,0,0,0
a,a,N,44049,166,-11,18,b,1,0,0,0,0,63,63,0
b,b,W,98655,124,34,23,a,0,0,0,0,0,0,0,0
a,b,W,4107,43,-4,26,a,1,0,0,0,0,272,272,0
a,a,N,136629,974,13,-8,a,0,0,0,0,0,0,0,0
a,a,N,11701,78,43,-46,a,0,0,0,0,0,0,0,0
b,a,N,68565,1107,44,-23,a,0,0,0,0,0,0,0,0
a,b,N,11190,958,31,3,a,1,0,0,0,0,61,61,0
c,a,N,28449,91,-18,-14,b,0,1,0,0,0,3808,3808,0
a,a,N,37009,193,-14,6,a,0,1,0,0,0,3143,3143,0
a,a,W,18647,1236,8,-20,a,0,0,0,0,0,0,0,0
a,a,W,26921,698,41,1,a,0,1,0,0,0,2593,2593,0
a,a,W,21111,49,-19,-15,a,0,1,0,0,0,1662,1662,0
a,a,W,5688,73,-12,20,a,0,0,0,0,0,0,0,0
a,a,N,22812,170,24,-1,a,0,0,0,0,0,0,0,0
a,a,W,46055,335,13,36,a,0,0,0,0,0,0,0,0
a,a,W,35384,25,-3,-18,b,1,0,0,0,0,474,474,0
a,a,W,11188,420,-35,11,b,0,0,0,0,0,0,0,0
a,a,N,7826,629,-24,-8,a,0,0,0,0,0,0,0,0
a,b,N,50293,393,24,95,a,0,0,1,0,0,69731,22107,1
a,a,W,21144,1044,-28,22,a,0,1,0,0,0,6165,6165,0
a,b,N,61029,1638,-13,38,a,1,0,0,0,0,159,159,0
a,a,W,64560,640,10,1,a,0,0,0,0,0,0,0,0
a,a,N,14888,779,-40,9,a,0,0,0,0,0,0,0,0
a,b,W,56575,309,36,-17,a,1,0,0,0,0,764,764,0
a,b,N,33774,42,-36,55,a,0,0,0,0,0,0,0,0
a,a,W,313138,531,98,89,a,0,0,1,0,0,64360,23089,1
a,b,W,20267,780,-48,18,a,1,0,0,0,0,151,151,0
b,a,N,1481,34,-52,38,a,1,0,0,0,0,994,994,0
a,a,N,103484,94,30,7,a,0,1,0,0,0,3250,3250,0
a,a,N,49973,251,-6,-15,a,1,0,0,0,0,899,899,0
b,a,N,34385,555,3,-11,a,1,0,0,0,0,405,405,0
a,a,W,24210,43,73,10,b,1,0,0,0,0,651,651,0
b,a,W,21130,529,6,60,a,0,0,0,0,0,0,0,0
a,a,W,20907,279,-2,30,a,0,0,0,0,0,0,0,0
a,a,W,91233,1056,10,-12,a,0,0,0,0,0,0,0,0
a,c,W,3477,13,6,8,a,0,1,0,0,0,4569,4569,0
b,a,W,45338,102,-13,-72,a,0,0,0,0,0,0,0,0
a,a,W,41152,42,-3,-31,a,1,0,0,0,0,796,796,0
a,b,W,4698,132,-18,-6,b,1,0,0,0,0,953,953,0
a,a,N,28970,104,-15,-24,a,0,0,0,0,0,0,0,0
a,a,W,3447,20,-8,17,a,0,1,0,0,0,1858,1858,0
a,a,N,170159,42,-24,9,a,1,0,0,0,0,108,108,0
a,a,N,75181,224,33,16,b,0,0,0,0,0,0,0,0
a,c,N,53385,239,22,-45,a,0,1,0,0,0,3193,3193,0
a,a,N,110908,116,43,-12,a,0,0,0,0,0,0,0,0
b,a,W,4678,459,14,-13,a,0,0,0,0,0,0,0,0
a,a,N,37581,263,5,9,a,0,0,0,0,0,0,0,0
b,a,W,15001,158,16,3,a,0,1,0,0,0,2700,2700,0
a,a,W,37388,82,-50,-16,a,0,1,0,0,0,2608,2608,0
a,a,N,51702,443,26,-6,a,1,0,0,0,0,691,691,0
a,b,W,138211,1426,68,126,a,0,0,1,0,0,138060,63009,1
a,b,W,109047,79,36,-37,b,1,0,0,0,0,747,747,0
a,a,N,85438,106,54,-20,b,0,0,0,0,0,0,0,0
a,a,N,1605,524,33,-28,a,0,1,0,0,0,4237,4237,0
a,c,W,9496,173,-4,-6,a,0,0,0,0,0,0,0,0
a,a,W,31221,371,3,0,a,0,0,0,0,0,0,0,0
a,c,W,75915,950,-9,29,a,1,0,0,0,0,838,838,0
a,b,W,257435,517,109,45,a,0,0,1,0,0,332568,98558,1
a,b,N,71012,30,16,-27,a,0,0,0,0,0,0,0,0
a,a,N,68567,97,-74,-1,a,0,0,0,0,0,0,0,0
a,a,N,24106,478,-20,28,a,0,1,0,0,0,1297,1297,0
a,a,N,36093,25,9,-9,a,0,0,0,0,0,0,0,0
a,b,W,20101,444,-49,-32,a,0,0,0,0,0,0,0,0
a,a,N,12731,738,12,19,b,0,1,0,0,0,2780,2780,0
b,b,W,35321,14,-117,7,a,0,0,0,0,0,0,0,0
a,a,W,22314,79,10,18,c,0,1,0,0,0,2818,2818,0
a,a,N,28259,981,3,3,a,1,0,0,0,0,255,255,0
c,b,W,16626,284,8,-42,a,0,0,0,0,0,0,0,0
a,a,W,27640,314,24,8,a,1,0,0,0,0,724,724,0
a,a,W,9426,1083,29,27,a,0,0,0,0,0,0,0,0
a,a,N,28676,372,59,-9,a,0,1,0,0,0,5488,5488,0
a,a,W,63479,194,11,23,a,0,1,0,0,0,1800,1800,0
a,a,W,82654,328,14,8,a,0,0,1,0,0,75285,21806,1
a,a,W,13679,102,-3,5,b,1,0,0,0,0,277,277,0
b,a,W,5519,11,-2,-13,b,0,1,0,0,0,1417,1417,0
a,b,N,22634,479,-17,22,a,0,1,0,0,0,1261,1261,0
a,b,N,6674,86,36,15,a,0,1,0,0,0,1264,1264,0
a,a,W,20802,280,64,26,b,0,0,0,0,0,0,0,0
a,a,W,43786,352,15,48,a,1,0,0,0,0,691,691,0
a,a,W,18933,179,-12,12,a,1,0,0,0,0,118,118,0
b,b,N,3343,412,37,0,a,0,0,0,0,0,0,0,0
a,a,N,31511,127,-25,-9,a,0,1,0,0,0,1452,1452,0
a,c,W,3697,1465,1,33,a,0,0,0,0,0,0,0,0
a,a,W,45302,121,-36,37,a,0,0,0,0,0,0,0,0
b,b,N,142559,338,-5,-18,a,0,0,0,0,0,0,0,0
a,a,W,17398,104,-9,34,a,0,0,0,0,0,0,0,0
a,b,N,23094,1298,-9,19,a,0,1,0,0,0,1107,1107,0
a,a,W,22860,689,-5,0,a,0,0,0,0,0,0,0,0
b,a,W,1042,297,-3,8,a,1,0,0,0,0,419,419,0
a,a,W,194921,870,76,11,a,0,0,1,0,0,65005,20613,1
b,b,W,2776,670,-13,-6,a,0,1,0,0,0,2190,2190,0
b,a,N,33561,351,-16,39,a,0,1,0,0,0,2059,2059,0
a,a,N,27081,46,58,8,a,0,1,0,0,0,9586,9586,0
a,a,N,36505,649,-40,-44,a,0,1,0,0,0,1763,1763,0
a,a,W,40092,470,-5,2,a,0,1,0,0,0,2198,2198,0
a,a,W,31488,51,-59,-1,a,0,0,0,0,0,0,0,0
a,c,N,25522,62,-67,20,a,0,0,0,0,0,0,0,0
b,a,N,4729,495,5,-15,a,0,1,0,0,0,4932,4932,0
a,a,W,252582,1165,67,4,a,0,0,1,0,0,74491,35489,1
a,a,N,4289,304,-17,45,a,0,0,0,0,0,0,0,0
b,b,W,29120,254,-56,31,a,1,0,0,0,0,649,649,0
a,c,N,5735,156,-9,13,a,0,0,0,0,0,0,0,0
a,a,W,2246,100,0,8,b,1,0,0,0,0,653,653,0
a,a,W,62288,267,19,10,a,0,1,0,0,0,4144,4144,0
a,a,N,99842,77,0,-14,a,1,0,0,0,0,741,741,0
b,a,N,33008,34,53,7,a,1,0,0,0,0,676,676,0
a,a,W,9487,393,16,42,a,0,0,0,0,0,0,0,0
b,a,W,133088,105,-30,-43,a,1,0,0,0,0,344,344,0
a,a,N,7337,78,-21,3,a,0,1,0,0,0,2364,2364,0
a,a,W,2710,28,23,-21,a,0,1,0,0,0,5690,5690,0
a,a,N,1275,242,19,9,b,0,0,0,0,0,0,0,0
a,c,W,20988,239,14,16,a,0,1,0,0,0,5370,5370,0
a,a,N,14562,42,-61,25,a,1,0,0,0,0,149,149,0
a,a,W,70649,333,23,20,a,0,1,0,0,0,2554,2554,0
a,b,W,10874,401,-9,12,a,0,0,0,0,0,0,0,0
a,a,W,129241,2495,38,84,a,0,0,1,0,0,91264,32046,1
a,a,W,10039,1320,22,36,a,0,0,0,0,0,0,0,0
a,b,W,6720,552,-15,7,a,0,0,0,0,0,0,0,0
a,a,W,49809,24,-4,4,a,0,0,0,0,0,0,0,0
a,a,W,56853,193,32,-34,a,1,0,0,0,0,795,795,0
b,a,N,21082,39,3,-5,a,0,0,0,0,0,0,0,0
b,a,N,44553,28,0,-12,a,0,0,0,0,0,0,0,0
b,a,W,47398,48,-30,-17,b,1,0,0,0,0,500,500,0
a,b,N,14870,307,3,18,a,0,0,0,0,0,0,0,0
a,a,N,47368,913,26,44,a,0,0,0,0,0,0,0,0
a,b,W,24426,71,-27,0,a,0,1,0,0,0,4502,4502,0
b,b,N,14580,15,-6,-5,a,0,0,0,0,0,0,0,0
a,a,W,2958,330,36,30,c,0,1,0,0,0,3628,3628,0
a,a,N,26257,145,55,-32,a,0,0,0,0,0,0,0,0
b,b,N,51194,246,-26,-12,a,0,0,0,0,0,0,0,0
a,a,N,61602,274,-17,-56,a,0,1,0,0,0,1898,1898,0
a,a,W,20028,68,-13,-9,a,0,0,0,0,0,0,0,0
a,a,N,68150,1435,68,52,a,0,1,0,0,0,22326,8002,1
a,a,W,42565,178,-25,-13,a,0,1,0,0,0,2349,2349,0
a,a,W,327270,3982,151,52,a,0,0,1,0,0,46968,21345,1
a,a,N,29632,27,-18,11,a,0,0,0,0,0,0,0,0
b,a,W,32443,689,-47,18,a,0,0,0,0,0,0,0,0
a,a,W,32418,116,0,3,a,0,0,0,0,0,0,0,0
a,a,N,8824,170,9,-25,a,0,1,0,0,0,1903,1903,0
a,c,W,95742,75,13,32,b,0,1,0,0,0,2892,2892,0
a,a,N,4703,889,-50,-17,a,0,0,0,0,0,0,0,0
b,a,N,38412,763,44,-67,b,0,0,0,0,0,0,0,0
a,a,W,10596,677,-51,-9,a,0,0,0,0,0,0,0,0
b,a,N,101364,656,42,0,a,1,0,0,0,0,175,175,0
a,a,N,39845,50,18,-14,a,1,0,0,0,0,850,850,0
a,c,W,35284,199,-14,9,a,1,0,0,0,0,490,490,0
b,a,W,68132,163,53,22,a,0,0,0,0,0,0,0,0
a,c,W,44655,651,0,13,b,1,0,0,0,0,927,927,0
a,b,W,29225,723,19,-18,a,0,1,0,0,0,1959,1959,0
a,a,N,338107,1216,18,22,a,0,0,1,0,0,84031,24763,1
b,a,N,54575,333,-3,45,b,0,0,0,0,0,0,0,0
b,b,N,20388,176,-10,14,a,0,0,0,0,0,0,0,0
b,a,N,52155,2508,128,125,a,0,0,1,0,0,177618,57853,1
a,a,N,55012,672,-22,-39,a,0,1,0,0,0,1609,1609,0
a,a,W,51635,93,-17,3,a,0,0,0,0,0,0,0,0
a,a,N,25715,624,-4,6,a,1,0,0,0,0,480,480,0
a,b,N,34248,163,35,13,b,0,0,0,0,0,0,0,0
a,a,N,22058,520,-5,-9,a,0,1,0,0,0,1525,1525,0
a,c,N,16988,301,-29,-24,a,1,0,0,0,0,134,134,0
a,a,W,40167,15,20,43,b,0,0,0,0,0,0,0,0
a,b,W,8344,287,-45,20,a,1,0,0,0,0,63,63,0
b,a,W,143286,1721,57,86,a,0,0,1,0,0,344481,98540,1
c,a,N,1122,18,-27,9,a,0,1,0,0,0,3472,3472,0
a,b,N,32153,261,0,-40,a,0,0,0,0,0,0,0,0
a,b,N,92230,516,-23,12,a,0,0,0,0,0,0,0,0
a,a,W,36051,26,1,-33,b,0,0,0,0,0,0,0,0
a,a,N,4426,771,22,-6,a,1,0,0,0,0,843,843,0
a,a,W,5400,121,-24,0,a,0,1,0,0,0,3013,3013,0
c,b,N,5089,155,80,-16,a,0,1,0,0,0,5634,5634,0
a,a,W,34490,477,-11,-9,a,0,1,0,0,0,3342,3342,0
a,b,W,30177,314,-1,-3,a,0,0,0,0,0,0,0,0
a,a,N,51470,977,1,8,a,1,0,0,0,0,646,646,0
a,a,N,71575,929,-12,-38,a,0,1,0,0,0,2250,2250,0
a,b,W,11320,657,-29,-34,a,0,0,0,0,0,0,0,0
a,a,W,20097,41,-21,32,a,0,0,0,0,0,0,0,0
a,a,W,46357,192,12,3,a,0,0,0,0,0,0,0,0
a,b,W,65058,176,-7,6,a,0,0,0,0,0,0,0,0
a,b,W,38627,58,2,-13,a,0,1,0,0,0,5130,5130,0
a,a,N,12234,19,-35,-7,a,0,0,0,0,0,0,0,0
a,c,W,6852,378,48,37,a,0,0,0,0,0,0,0,0
a,a,N,29772,748,30,1,a,0,0,0,0,0,0,0,0
b,c,N,102158,41,15,26,a,0,0,0,0,0,0,0,0
a,b,N,65002,877,26,-13,a,0,0,0,0,0,0,0,0
a,a,N,16524,41,-37,-10,a,0,1,0,0,0,2838,2838,0
b,a,N,16406,65,10,-13,a,0,0,0,0,0,0,0,0
a,a,W,9452,1146,-19,-24,a,0,0,0,0,0,0,0,0
b,a,N,8848,456,-19,-6,a,0,1,0,0,0,2493,2493,0
b,a,W,23838,401,17,1,a,0,1,0,0,0,1673,1673,0
a,a,N,86524,1526,73,34,a,0,1,0,0,0,13129,9109,1
b,a,W,1791,66,34,-47,a,0,0,0,0,0,0,0,0
a,b,N,49959,616,25,107,a,0,0,1,0,0,119240,38970,1
a,a,W,10414,195,-23,-5,a,0,1,0,0,0,1279,1279,0
b,a,W,5168,399,44,-27,a,0,0,0,0,0,0,0,0
b,a,W,91459,518,-37,-17,a,0,0,0,0,0,0,0,0
a,b,N,3252,69,41,24,a,1,0,0,0,0,265,265,0
a,a,W,13439,436,-10,-3,a,0,0,0,0,0,0,0,0
a,b,N,18627,72,57,18,a,0,0,0,0,0,0,0,0
a,a,N,63727,398,26,20,b,0,0,0,0,0,0,0,0
a,a,W,20017,115,27,-47,a,0,1,0,0,0,1271,1271,0
c,a,N,71863,804,-12,26,a,1,0,0,0,0,819,819,0
a,a,N,3641,262,14,-16,a,0,0,0,0,0,0,0,0
a,a,N,16423,271,0,32,a,0,0,0,0,0,0,0,0
a,a,N,87888,306,15,-10,a,0,0,0,0,0,0,0,0
a,a,W,35946,34,33,-31,a,0,0,0,0,0,0,0,0
a,b,N,65059,144,15,-41,a,0,1,0,0,0,1113,1113,0
a,a,W,11092,121,37,-6,a,0,0,0,0,0,0,0,0
b,a,N,1874,347,-22,-36,a,0,0,0,0,0,0,0,0
a,c,W,283467,3585,3,23,a,0,0,1,0,0,59128,26835,1
a,a,W,36051,48,-12,41,c,0,0,0,0,0,0,0,0
a,a,N,15470,114,-2,-11,a,1,0,0,0,0,475,475,0
a,c,N,8576,71,-5,4,a,1,0,0,0,0,678,678,0
a,c,N,14851,66,-31,7,b,0,1,0,0,0,1839,1839,0
b,a,N,82109,67,-40,15,b,0,0,0,0,0,0,0,0
a,a,N,29537,953,47,10,a,0,1,0,0,0,4224,4224,0
a,a,W,21583,879,-25,32,a,0,0,0,0,0,0,0,0
b,b,W,4410,228,-9,10,a,1,0,0,0,0,480,480,0
c,c,W,11650,375,0,19,a,0,0,0,0,0,0,0,0
a,a,N,13772,194,-8,-4,a,1,0,0,0,0,412,412,0
a,b,N,20884,50,54,16,a,0,1,0,0,0,1150,1150,0
a,a,N,15491,264,23,-45,a,0,1,0,0,0,1186,1186,0
a,a,W,10859,326,-16,-23,a,0,1,0,0,0,3570,3570,0
a,b,N,25959,606,-6,12,a,0,1,0,0,0,1078,1078,0
c,a,W,10962,155,20,46,a,0,0,0,0,0,0,0,0
a,a,W,21062,242,42,-28,a,1,0,0,0,0,440,440,0
a,c,N,21737,825,-11,17,a,0,0,0,0,0,0,0,0
a,a,W,11416,154,38,20,a,1,0,0,0,0,880,880,0
b,a,W,1091,306,-23,55,a,0,1,0,0,0,1775,1775,0
a,b,W,30308,698,-5,11,b,0,0,0,0,0,0,0,0
a,c,N,27417,332,-55,-13,a,0,0,0,0,0,0,0,0
b,b,W,33719,71,-23,34,b,0,0,0,0,0,0,0,0
a,a,N,19143,252,5,-32,a,0,1,0,0,0,5562,5562,0
a,a,N,23959,24,22,-37,b,0,0,0,0,0,0,0,0
a,a,W,41640,194,24,8,a,0,1,0,0,0,1667,1667,0
b,a,N,8122,560,20,24,a,1,0,0,0,0,259,259,0
b,c,W,86423,338,145,63,a,0,0,1,0,0,92767,40391,1
a,b,N,14100,110,22,9,a,0,0,0,0,0,0,0,0
a,a,N,56793,137,17,46,a,0,0,0,0,0,0,0,0
a,a,N,8980,709,13,-2,a,0,0,0,0,0,0,0,0
a,c,N,15281,462,44,-17,a,0,0,0,0,0,0,0,0
a,b,N,9120,151,-7,22,b,1,0,0,0,0,16,16,0
a,a,N,31049,544,71,-3,a,1,0,0,0,0,417,417,0
b,a,N,3374,376,38,-17,a,0,1,0,0,0,1568,1568,0
a,a,W,38530,271,-3,-6,a,0,1,0,0,0,1509,1509,0
a,b,W,27212,198,-10,-51,a,0,0,0,0,0,0,0,0
b,a,W,1949,38,16,-14,a,0,1,0,0,0,2316,2316,0
a,a,N,2222,1224,58,8,b,0,0,0,0,0,0,0,0
a,a,W,10481,182,38,27,a,0,0,0,0,0,0,0,0
a,a,N,72835,20,-7,-19,a,0,1,0,0,0,1036,1036,0
b,a,N,44199,86,2,-6,a,0,1,0,0,0,2136,2136,0
a,c,N,190457,1568,25,100,a,0,0,1,0,0,123504,74531,1
b,c,N,68498,74,1,-15,a,0,0,0,0,0,0,0,0
a,b,N,23022,798,36,25,a,1,0,0,0,0,595,595,0
a,c,N,5563,632,-49,-37,a,0,0,0,0,0,0,0,0
a,a,N,13621,195,-46,-36,b,1,0,0,0,0,580,580,0
c,a,N,11666,23,20,-26,a,1,0,0,0,0,623,623,0
a,b,W,31575,251,-23,-7,a,0,0,0,0,0,0,0,0
a,a,N,43627,400,-37,-10,a,0,0,0,0,0,0,0,0
c,a,W,50801,38,46,13,a,0,1,0,0,0,1446,1446,0
a,a,W,14300,208,-7,-37,a,0,0,0,0,0,0,0,0
b,a,N,108206,580,-45,19,a,0,0,0,0,0,0,0,0
a,a,W,38101,329,15,0,a,0,1,0,0,0,1795,1795,0
a,a,N,245735,450,95,35,a,0,0,1,0,0,21751,11574,1
a,a,W,1756,875,9,-16,c,0,0,0,0,0,0,0,0
b,a,N,33600,143,-15,-13,a,0,0,0,0,0,0,0,0
a,b,W,160115,1061,55,24,a,0,1,0,0,0,23469,8465,1
a,a,N,10075,174,-41,-17,a,0,0,0,0,0,0,0,0
b,a,W,5245,55,-30,55,a,0,1,0,0,0,3842,3842,0
a,a,N,19344,216,-6,25,a,1,0,0,0,0,82,82,0
a,b,N,29717,16,28,10,a,0,0,0,0,0,0,0,0
a,a,W,49776,189,-20,7,a,0,0,0,0,0,0,0,0
a,a,W,22183,213,44,19,a,1,0,0,0,0,960,960,0
a,c,W,37031,230,20,-40,a,0,1,0,0,0,2290,2290,0
b,a,W,28694,254,-22,20,a,0,1,0,0,0,2570,2570,0
b,a,N,33858,359,-49,6,a,0,0,0,0,0,0,0,0
a,a,W,3625,419,-61,23,a,0,0,0,0,0,0,0,0
a,a,W,77848,191,-8,2,a,0,0,0,0,0,0,0,0
a,c,N,27743,117,8,1,a,1,0,0,0,0,670,670,0
b,a,N,13034,484,-29,63,b,0,1,0,0,0,1348,1348,0
a,a,N,168309,2237,126,38,a,0,0,1,0,0,25186,18413,1
c,a,W,71130,178,4,-24,a,0,1,0,0,0,1741,1741,0
b,a,W,10925,1143,-33,-28,a,0,1,0,0,0,3184,3184,0
a,a,W,10061,124,-16,-6,a,1,0,0,0,0,480,480,0
a,a,W,22861,423,1,-32,a,1,0,0,0,0,501,501,0
a,a,N,19864,84,-18,-28,a,0,1,0,0,0,2551,2551,0
a,a,W,14402,950,-6,-26,a,0,1,0,0,0,3112,3112,0
a,b,W,6097,171,-11,-5,a,0,0,0,0,0,0,0,0
a,a,N,38432,328,-23,-52,a,1,0,0,0,0,199,199,0
a,a,N,69945,52,-28,-20,b,1,0,0,0,0,788,788,0
a,a,N,10354,74,40,0,b,0,1,0,0,0,1710,1710,0
a,b,W,53130,842,-1,36,a,0,0,0,0,0,0,0,0
a,a,W,4169,279,19,-58,a,0,0,0,0,0,0,0,0
a,a,N,79480,99,-4,16,b,0,0,0,0,0,0,0,0
b,a,W,30438,479,-20,-20,a,0,0,0,0,0,0,0,0
a,a,W,13334,449,-14,6,b,0,0,0,0,0,0,0,0
a,a,N,48364,364,8,-23,a,1,0,0,0,0,577,577,0
a,a,N,8786,101,42,-3,a,0,1,0,0,0,2737,2737,0
a,a,N,5761,161,-52,5,a,0,0,0,0,0,0,0,0
a,b,W,84697,197,-45,13,a,0,0,0,0,0,0,0,0
a,a,W,98955,1054,67,57,a,0,0,1,0,0,60903,34438,1
c,a,W,700203,857,67,3,a,0,0,1,0,0,42270,30844,1
a,a,N,2237,199,83,19,a,0,0,0,0,0,0,0,0
a,a,W,39991,179,-4,31,a,0,0,0,0,0,0,0,0
b,a,W,47811,51,-8,-1,a,0,0,0,0,0,0,0,0
a,a,N,46473,543,-34,2,a,1,0,0,0,0,267,267,0
a,a,W,6269,272,-33,8,a,0,0,0,0,0,0,0,0
b,a,W,9276,109,-50,-20,a,0,1,0,0,0,1424,1424,0
a,a,N,13339,119,0,-52,c,0,0,0,0,0,0,0,0
a,b,N,1503,712,-20,25,a,0,0,0,0,0,0,0,0
a,a,N,37068,651,-27,-24,a,0,0,0,0,0,0,0,0
b,b,N,19642,55,-8,-11,a,0,0,0,0,0,0,0,0
c,c,N,88956,342,-1,-8,a,1,0,0,0,0,27,27,0
b,a,W,11207,354,54,12,b,0,1,0,0,0,2576,2576,0
a,c,N,32785,49,53,4,a,0,0,0,0,0,0,0,0
b,a,N,43362,189,16,-10,a,0,0,0,0,0,0,0,0
b,a,N,6246,270,48,3,a,0,0,0,0,0,0,0,0
c,a,W,15260,152,-17,-10,a,0,0,0,0,0,0,0,0
b,a,W,29571,71,0,-1,a,0,0,0,0,0,0,0,0
a,a,N,9271,367,16,-24,a,1,0,0,0,0,741,741,0
a,a,W,51445,178,40,-32,a,0,0,0,0,0,0,0,0
a,b,W,48533,16,28,1,a,0,1,0,0,0,6386,6386,0
a,a,W,213562,429,-11,4,a,0,0,0,0,0,0,0,0
a,a,N,88186,415,-39,-21,a,0,0,0,0,0,0,0,0
b,c,W,31146,823,-44,-7,a,1,0,0,0,0,71,71,0
a,c,W,235742,1638,118,31,a,0,0,1,0,0,108747,36894,1
a,c,N,37799,160,-26,-24,a,0,0,0,0,0,0,0,0
a,b,N,113605,152,11,-21,a,0,0,0,0,0,0,0,0
a,a,W,30959,19,28,-9,b,0,0,0,0,0,0,0,0
a,a,N,20328,751,14,-6,a,0,1,0,0,0,1378,1378,0
a,a,N,25457,104,43,-41,a,0,1,0,0,0,1824,1824,0
b,c,N,25308,1208,26,27,a,0,0,0,0,0,0,0,0
a,a,N,15376,42,9,-8,b,0,0,0,0,0,0,0,0
a,a,W,12299,139,102,-38,a,1,0,0,0,0,488,488,0
a,a,N,7268,196,38,-8,a,0,1,0,0,0,1861,1861,0
a,a,N,77679,94,31,6,b,0,1,0,0,0,1708,1708,0
a,a,W,7067,14,11,-25,a,0,1,0,0,0,1192,1192,0
a,a,N,3676,73,8,-20,a,0,0,0,0,0,0,0,0
a,a,W,40059,351,26,43,a,1,0,0,0,0,616,616,0
a,a,N,9853,573,-27,10,a,0,1,0,0,0,1354,1354,0
a,b,W,65343,57,48,-4,a,0,0,0,0,0,0,0,0
c,b,N,75294,1008,5,-40,a,1,0,0,0,0,784,784,0
b,a,N,102949,2648,21,19,a,0,0,1,0,0,65280,31369,1
a,b,W,35823,185,-5,-33,b,0,1,0,0,0,1981,1981,0
a,b,W,49208,109,-56,13,a,0,0,0,0,0,0,0,0
a,a,W,5727,208,9,15,a,0,0,0,0,0,0,0,0
a,b,W,47496,112,27,-34,a,0,0,0,0,0,0,0,0
a,b,W,8200,118,5,-33,a,0,0,0,0,0,0,0,0
a,a,N,104756,718,72,53,a,0,0,1,0,0,38669,18828,1
a,a,W,37347,142,-8,-41,a,0,1,0,0,0,2240,2240,0
b,a,N,9529,214,-45,-48,a,0,1,0,0,0,2821,2821,0
b,b,W,23034,376,-13,-16,a,1,0,0,0,0,738,738,0
a,a,W,6798,663,-58,58,c,0,1,0,0,0,2632,2632,0
a,a,N,26061,313,-1,11,a,0,0,0,0,0,0,0,0
a,a,N,92381,12,15,-16,a,1,0,0,0,0,568,568,0
a,a,N,63534,647,37,25,a,0,1,0,0,0,1867,1867,0
a,a,N,40204,156,-101,-11,b,0,1,0,0,0,2296,2296,0
b,a,W,14022,623,5,-5,a,0,0,0,0,0,0,0,0
b,b,N,88693,461,-11,19,b,0,1,0,0,0,7511,7511,0
a,b,W,31896,34,8,1,a,1,0,0,0,0,596,596,0
b,a,W,16899,193,14,-1,b,0,1,0,0,0,2791,2791,0
a,a,W,13291,306,-95,-7,a,0,0,0,0,0,0,0,0
a,a,N,44131,38,23,23,a,0,1,0,0,0,2070,2070,0
a,b,N,30135,199,-38,-19,b,0,1,0,0,0,4384,4384,0
a,a,N,11845,165,19,-9,a,0,1,0,0,0,2420,2420,0
b,a,N,18231,48,29,8,b,0,0,0,0,0,0,0,0
b,c,N,29017,168,78,54,a,0,0,0,0,0,0,0,0
a,b,N,28135,228,-30,29,a,0,0,0,0,0,0,0,0
b,a,W,31002,280,-2,4,a,1,0,0,0,0,756,756,0
c,a,N,25951,67,-10,-5,a,0,0,0,0,0,0,0,0
a,a,W,21334,348,-1,29,a,1,0,0,0,0,385,385,0
a,b,W,62436,519,-19,21,a,0,1,0,0,0,4953,4953,0
a,a,N,63404,40,38,-2,b,1,0,0,0,0,235,235,0
c,a,N,46786,80,-20,-52,b,0,0,0,0,0,0,0,0
a,a,N,1992,156,-34,-13,a,0,1,0,0,0,2943,2943,0
a,a,N,8980,72,-24,-18,a,0,1,0,0,0,1342,1342,0
a,a,W,105798,18,56,-12,a,1,0,0,0,0,300,300,0
b,a,N,3528,599,-18,-33,a,0,1,0,0,0,3008,3008,0
b,a,N,8056,32,0,-4,a,0,0,0,0,0,0,0,0
a,a,W,43707,60,-53,-46,a,0,1,0,0,0,2098,2098,0
a,a,W,25135,680,-19,-18,a,0,1,0,0,0,3270,3270,0
b,a,N,9991,160,12,4,a,0,1,0,0,0,2121,2121,0
a,a,W,44804,21,1,-4,a,1,0,0,0,0,949,949,0
b,a,N,31560,1310,-13,22,a,0,1,0,0,0,4359,4359,0
a,a,N,32483,242,-9,-11,a,0,1,0,0,0,2175,2175,0
a,b,W,13818,987,0,-13,a,0,0,0,0,0,0,0,0
a,a,W,81050,73,-38,-7,a,0,0,0,0,0,0,0,0
a,b,N,16832,51,-19,19,a,0,1,0,0,0,1219,1219,0
b,a,N,31527,185,27,10,a,0,0,0,0,0,0,0,0
c,a,N,3753,196,-14,34,a,0,0,0,0,0,0,0,0
b,b,W,587789,3591,86,45,a,0,1,0,0,0,16382,8312,1
a,a,W,4511,471,-50,17,a,0,0,0,0,0,0,0,0
a,c,N,6652,540,-6,10,a,0,0,0,0,0,0,0,0
a,a,N,47563,458,6,-18,a,0,1,0,0,0,3309,3309,0
b,a,W,25546,234,-40,25,a,0,0,0,0,0,0,0,0
a,a,N,81147,280,36,11,a,0,0,0,0,0,0,0,0
c,b,W,21156,252,-32,52,a,0,1,0,0,0,3217,3217,0
c,c,N,3091,246,1,15,a,0,0,0,0,0,0,0,0
a,a,W,40011,41,-40,-1,a,0,0,0,0,0,0,0,0
b,a,N,24715,133,39,-22,a,0,0,0,0,0,0,0,0
c,a,N,21425,329,-9,11,a,1,0,0,0,0,831,831,0
b,b,N,64359,194,0,24,a,0,0,0,0,0,0,0,0
a,a,W,28503,950,-32,11,a,0,0,0,0,0,0,0,0
b,a,N,69921,237,9,-13,a,0,0,0,0,0,0,0,0
a,a,N,52443,1052,10,7,a,0,0,0,0,0,0,0,0
a,b,N,35416,776,15,-59,a,1,0,0,0,0,72,72,0
a,a,N,87202,1097,4,25,a,1,0,0,0,0,608,608,0
a,b,N,17708,24,-14,-2,a,0,0,0,0,0,0,0,0
b,b,N,64109,80,-37,-17,a,1,0,0,0,0,795,795,0
a,a,W,10810,297,-9,38,a,0,0,0,0,0,0,0,0
a,a,W,15862,190,29,-27,a,0,1,0,0,0,2761,2761,0
a,a,N,471915,4077,56,72,a,0,1,0,0,0,11636,8654,1
c,a,N,17638,597,17,0,a,0,0,0,0,0,0,0,0
b,a,W,20903,472,-16,-56,b,0,0,0,0,0,0,0,0
a,b,W,20477,227,-5,31,a,0,1,0,0,0,1746,1746,0
c,c,N,26959,1222,18,31,a,0,0,0,0,0,0,0,0
a,c,W,32040,88,-35,-30,c,0,1,0,0,0,2072,2072,0
a,b,N,32912,70,9,-51,a,1,0,0,0,0,670,670,0
a,a,N,40844,431,-22,-9,a,0,0,0,0,0,0,0,0
b,a,W,51067,580,54,-50,b,1,0,0,0,0,594,594,0
b,a,N,5304,164,-1,-17,b,0,1,0,0,0,1226,1226,0
a,a,N,62542,190,-34,21,a,1,0,0,0,0,322,322,0
a,a,N,20483,156,35,2,a,0,1,0,0,0,2901,2901,0
a,a,N,15654,132,-1,-1,a,0,1,0,0,0,8472,8472,0
a,b,W,7927,77,42,-10,a,0,0,0,0,0,0,0,0
a,c,W,16344,1224,20,3,a,0,0,0,0,0,0,0,0
a,c,W,74072,349,-14,-16,a,0,1,0,0,0,2144,2144,0
a,a,N,4263,105,-40,1,a,0,1,0,0,0,2921,2921,0
a,b,W,117563,269,14,22,a,0,1,0,0,0,1476,1476,0
a,a,W,42883,240,-9,16,a,0,0,0,0,0,0,0,0
b,a,W,31997,351,39,-72,a,0,0,0,0,0,0,0,0
a,a,N,15161,107,-29,-14,a,0,0,0,0,0,0,0,0
c,a,N,242976,1275,4,62,b,0,0,1,0,0,55658,17467,1
a,c,N,14181,94,22,19,a,0,0,0,0,0,0,0,0
a,a,N,34668,473,67,-2,a,0,0,0,0,0,0,0,0
a,a,N,19705,116,43,-23,a,0,0,0,0,0,0,0,0
a,a,W,23605,552,-72,63,a,0,1,0,0,0,2266,2266,0
a,b,W,21481,118,-33,2,a,0,1,0,0,0,8630,8630,0
b,a,W,28062,57,-9,9,a,0,1,0,0,0,1610,1610,0
a,b,N,73966,80,17,-16,a,0,0,0,0,0,0,0,0
a,a,W,19179,627,-34,27,a,0,1,0,0,0,1487,1487,0
a,a,W,29686,819,32,-10,a,1,0,0,0,0,730,730,0
b,a,N,8409,503,-42,19,a,0,0,0,0,0,0,0,0
a,a,N,12694,49,69,32,b,0,1,0,0,0,5098,5098,0
b,a,N,86954,221,37,-10,b,0,0,0,0,0,0,0,0
a,c,N,119844,313,9,-47,b,0,1,0,0,0,3047,3047,0
a,b,W,6047,819,-13,32,a,0,1,0,0,0,4498,4498,0
a,a,N,142385,137,19,65,a,0,0,0,0,0,0,0,0
b,a,N,94438,818,2,12,b,0,1,0,0,0,6968,6968,0
a,a,N,6730,121,24,-7,a,0,1,0,0,0,3221,3221,0
a,b,W,32521,501,9,28,a,0,1,0,0,0,1115,1115,0
a,a,W,19458,212,44,-8,a,0,0,0,0,0,0,0,0
a,b,W,26445,292,27,-29,a,0,0,0,0,0,0,0,0
a,c,W,2371,261,-17,-52,a,0,0,0,0,0,0,0,0
a,a,W,140727,76,20,1,b,0,0,0,0,0,0,0,0
b,a,N,19461,351,34,-1,a,0,0,0,0,0,0,0,0
b,b,N,452119,4004,11,133,a,0,0,1,0,0,181657,60915,1
a,a,N,48123,241,-13,-47,a,0,0,0,0,0,0,0,0
c,a,W,270599,867,9,67,b,0,0,1,0,0,45436,13205,1
b,a,N,18319,731,-52,12,a,0,0,0,0,0,0,0,0
a,a,W,62620,344,23,-5,a,0,1,0,0,0,7062,7062,0
a,a,W,13164,429,-33,-23,a,1,0,0,0,0,494,494,0
b,a,N,18498,52,-9,15,a,0,1,0,0,0,1417,1417,0
a,a,N,527555,969,45,5,a,0,0,1,0,0,101121,35700,1
a,b,N,26164,810,-34,-16,a,0,1,0,0,0,2672,2672,0
a,a,N,16571,88,20,8,c,0,1,0,0,0,1732,1732,0
a,a,W,14269,82,15,18,a,0,1,0,0,0,1801,1801,0
b,a,W,49418,75,-35,14,a,0,1,0,0,0,1263,1263,0
a,b,W,19905,605,-30,5,a,1,0,0,0,0,478,478,0
a,a,N,255935,1829,36,121,a,0,1,0,0,0,13508,9094,1
a,a,W,20059,74,15,-12,a,0,0,0,0,0,0,0,0
a,a,N,19658,14,-15,13,c,0,0,0,0,0,0,0,0
a,a,W,31297,198,-26,-16,a,0,0,0,0,0,0,0,0
a,a,N,12543,259,1,-18,a,1,0,0,0,0,153,153,0
b,a,W,7107,12,-5,-14,a,0,1,0,0,0,1100,1100,0
a,a,N,8378,326,12,-75,b,1,0,0,0,0,59,59,0
a,b,N,2162,31,12,-5,a,0,0,0,0,0,0,0,0
a,a,W,14799,466,40,-19,a,0,0,0,0,0,0,0,0
a,b,N,26180,412,-9,1,a,0,0,0,0,0,0,0,0
a,a,W,11098,88,0,-27,a,0,0,0,0,0,0,0,0
a,a,N,29835,133,-31,34,a,1,0,0,0,0,148,148,0
b,c,W,10656,85,-26,-9,a,0,1,0,0,0,6080,6080,0
a,a,N,223566,25,-51,-42,a,0,1,0,0,0,1163,1163,0
b,a,W,2371,180,48,16,b,0,1,0,0,0,2238,2238,0
a,a,W,77951,551,6,-39,b,0,1,0,0,0,1874,1874,0
a,a,W,18987,848,-10,36,a,0,0,0,0,0,0,0,0
a,a,W,15133,168,8,11,c,0,0,0,0,0,0,0,0
b,a,N,46686,137,-42,5,a,0,1,0,0,0,4372,4372,0
a,c,N,42598,415,30,77,a,0,0,0,0,0,0,0,0
a,a,W,187160,2461,98,48,a,0,0,1,0,0,31513,12661,1
a,b,W,31646,205,42,-14,a,0,0,0,0,0,0,0,0
b,a,N,37832,68,-32,-8,a,1,0,0,0,0,105,105,0
b,a,W,70449,76,-16,-15,a,0,1,0,0,0,5070,5070,0
a,a,W,11437,260,15,34,a,0,0,0,0,0,0,0,0
a,a,W,164451,102,1,29,a,1,0,0,0,0,128,128,0
b,a,N,43928,74,-34,-11,a,0,0,0,0,0,0,0,0
b,a,W,91495,42,30,-32,a,0,0,0,0,0,0,0,0
a,b,N,24396,146,35,22,a,0,0,0,0,0,0,0,0
b,a,N,41203,711,32,-2,a,0,0,0,0,0,0,0,0
a,a,N,19755,239,-12,4,a,0,0,0,0,0,0,0,0
a,a,W,23122,335,10,11,a,0,1,0,0,0,2904,2904,0
a,c,W,4070,673,-1,-12,a,0,1,0,0,0,1276,1276,0
a,a,W,71252,59,-10,-5,a,1,0,0,0,0,25,25,0
a,a,N,42207,18,-40,-36,b,0,0,0,0,0,0,0,0
a,a,W,25475,34,1,19,a,0,1,0,0,0,2293,2293,0
a,a,W,2546,135,5,24,a,0,0,0,0,0,0,0,0
a,a,N,71728,202,8,-25,b,0,1,0,0,0,5252,5252,0
a,a,N,15688,86,-4,53,b,0,1,0,0,0,2040,2040,0
a,a,N,6152,834,-20,-1,a,0,0,0,0,0,0,0,0
b,a,W,8220,256,-32,1,a,0,0,0,0,0,0,0,0
a,b,W,23528,255,12,6,b,0,1,0,0,0,1180,1180,0
a,a,W,1298,83,-28,-13,b,0,0,0,0,0,0,0,0
a,a,N,19372,45,-18,-20,a,0,1,0,0,0,1163,1163,0
b,a,W,36791,199,0,42,a,0,1,0,0,0,3904,3904,0
a,a,N,455316,4321,122,103,a,0,0,1,0,0,40960,19245,1
a,a,W,14333,824,50,-17,a,0,0,0,0,0,0,0,0
b,a,W,264277,381,-20,-5,b,0,1,0,0,0,2868,2868,0
a,a,W,32777,322,60,1,a,0,0,0,0,0,0,0,0
a,a,W,10950,285,-34,28,a,1,0,0,0,0,595,595,0
a,b,W,47330,130,10,-32,a,0,0,0,0,0,0,0,0
a,a,N,54981,65,16,13,b,1,0,0,0,0,229,229,0
a,a,N,92304,36,-24,1,a,0,0,0,0,0,0,0,0
b,a,W,5381,68,-26,-17,a,0,1,0,0,0,2980,2980,0
a,a,W,4214,60,11,1,a,0,0,0,0,0,0,0,0
b,a,N,3669,110,8,5,a,0,0,0,0,0,0,0,0
a,a,W,29968,140,10,55,a,0,1,0,0,0,1863,1863,0
a,a,N,20925,73,5,-32,a,0,0,0,0,0,0,0,0
a,a,W,67954,3516,55,82,a,0,0,1,0,0,50768,16624,1
a,a,W,9222,113,30,-6,a,1,0,0,0,0,427,427,0
a,b,N,98823,1486,-67,33,b,0,1,0,0,0,6397,6397,0
b,a,N,27061,251,-3,-23,a,1,0,0,0,0,985,985,0
a,a,W,17494,268,-5,22,a,0,0,0,0,0,0,0,0
a,a,N,54762,739,15,-12,a,0,0,0,0,0,0,0,0
a,a,N,11578,491,25,-44,a,1,0,0,0,0,633,633,0
a,a,W,14340,292,-17,13,a,0,1,0,0,0,6813,6813,0
b,a,W,57358,317,29,11,a,0,1,0,0,0,2210,2210,0
a,a,W,97472,124,-40,14,a,1,0,0,0,0,338,338,0
a,a,W,3915,10,-3,4,b,0,0,0,0,0,0,0,0
a,a,N,54123,302,9,-2,a,1,0,0,0,0,334,334,0
a,a,W,97291,575,-25,2,a,0,0,0,0,0,0,0,0
a,a,W,47986,164,15,21,c,0,0,0,0,0,0,0,0
a,c,N,42148,128,30,-11,a,0,0,0,0,0,0,0,0
b,a,N,14417,310,-18,5,a,0,0,0,0,0,0,0,0
b,a,W,33386,813,15,-50,a,0,1,0,0,0,3799,3799,0
a,a,W,8460,241,22,-19,a,1,0,0,0,0,654,654,0
a,a,N,203788,2081,81,7,a,0,0,1,0,0,113375,42275,1
a,b,W,7463,1131,-34,12,a,0,1,0,0,0,1339,1339,0
a,a,N,86408,198,-24,-1,a,0,0,0,0,0,0,0,0
b,a,N,43835,160,2,6,a,0,0,0,0,0,0,0,0
b,a,N,21966,34,-6,17,a,0,1,0,0,0,2215,2215,0
a,a,W,51714,283,90,29,c,0,1,0,0,0,5234,5234,0
a,a,W,23760,346,-4,27,a,0,0,0,0,0,0,0,0
a,a,N,1141,164,-20,22,a,1,0,0,0,0,413,413,0
a,a,W,64515,319,23,13,b,0,0,0,0,0,0,0,0
a,a,N,8832,669,19,41,a,0,0,0,0,0,0,0,0
b,a,W,82484,540,28,-1,a,0,1,0,0,0,2523,2523,0
a,c,W,6671,534,-52,10,a,1,0,0,0,0,688,688,0
a,a,N,10284,162,29,37,a,0,0,0,0,0,0,0,0
a,a,W,74866,2485,68,62,a,0,0,1,0,0,38831,13446,1
a,b,W,12724,124,-11,1,c,0,0,0,0,0,0,0,0
a,c,W,64655,762,30,50,a,0,1,0,0,0,18266,9112,1
c,a,N,55816,305,3,17,a,0,0,0,0,0,0,0,0
b,a,W,34085,31,-17,-1,a,0,1,0,0,0,3997,3997,0
b,a,N,75296,30,1,-30,a,0,1,0,0,0,4042,4042,0
a,a,W,32821,193,0,5,a,1,0,0,0,0,833,833,0
a,b,W,30773,64,15,48,b,0,1,0,0,0,4494,4494,0
c,b,W,7502,520,20,19,a,0,0,0,0,0,0,0,0
a,a,N,124844,146,16,33,a,0,1,0,0,0,1888,1888,0
b,b,N,3521,223,-34,-39,b,1,0,0,0,0,172,172,0
b,a,N,40058,211,44,18,a,1,0,0,0,0,187,187,0
a,c,W,45843,516,24,1,b,0,1,0,0,0,3842,3842,0
a,c,W,28203,376,-51,-35,a,1,0,0,0,0,885,885,0
a,a,W,59080,167,28,-4,a,0,0,0,0,0,0,0,0
a,a,N,10368,32,28,11,a,0,1,0,0,0,1780,1780,0
a,a,W,51813,152,40,-34,b,0,0,0,0,0,0,0,0
b,c,W,2236,361,-19,-55,a,0,1,0,0,0,1501,1501,0
b,c,N,33877,11,-19,17,a,0,0,0,0,0,0,0,0
a,a,W,18429,103,7,-16,a,0,1,0,0,0,8323,8323,0
a,a,N,85765,39,4,-29,a,1,0,0,0,0,611,611,0
a,a,W,89385,1451,-6,-2,b,1,0,0,0,0,677,677,0
a,b,W,48728,421,30,20,a,0,0,0,0,0,0,0,0
a,a,W,10717,65,33,-13,b,0,0,0,0,0,0,0,0
a,a,W,88846,691,-19,-24,a,0,1,0,0,0,5051,5051,0
a,a,W,24896,71,2,-39,a,0,1,0,0,0,5285,5285,0
a,b,N,14592,60,58,-17,a,0,1,0,0,0,1207,1207,0
a,b,W,113389,41,19,19,a,0,1,0,0,0,1316,1316,0
a,a,W,100813,162,-93,6,b,0,0,0,0,0,0,0,0
a,a,N,3756,13,45,20,a,0,1,0,0,0,1877,1877,0
a,a,N,38798,46,17,-43,a,1,0,0,0,0,688,688,0
a,b,N,38421,196,38,10,a,0,0,0,0,0,0,0,0
b,a,W,11756,80,-11,55,b,0,0,0,0,0,0,0,0
a,a,N,153938,389,26,-8,a,0,1,0,0,0,2142,2142,0
a,a,N,13929,247,32,-62,a,0,1,0,0,0,2425,2425,0
a,a,N,12187,794,-59,-10,a,0,0,0,0,0,0,0,0
a,a,N,33842,636,26,-7,a,0,1,0,0,0,4304,4304,0
a,a,W,5185,210,1,-10,a,0,0,0,0,0,0,0,0
b,a,N,4535,549,14,-24,a,0,1,0,0,0,2792,2792,0
a,a,N,9007,171,14,11,a,0,0,0,0,0,0,0,0
a,a,W,8600,56,18,11,a,0,0,0,0,0,0,0,0
a,a,W,8776,77,-44,-22,a,0,0,0,0,0,0,0,0
b,a,N,5063,211,1,26,b,1,0,0,0,0,951,951,0
b,a,W,73040,1418,63,82,a,0,0,1,0,0,49991,23508,1
a,a,N,37821,234,22,-42,a,0,0,0,0,0,0,0,0
a,b,W,87202,125,-34,7,a,0,0,0,0,0,0,0,0
a,a,W,149917,197,-9,-10,a,0,0,0,0,0,0,0,0
a,a,N,82919,68,-39,23,c,0,1,0,0,0,2292,2292,0
a,a,W,31929,288,-2,59,a,1,0,0,0,0,259,259,0
a,b,W,13417,48,21,-1,a,0,0,0,0,0,0,0,0
a,a,N,4976,908,-24,2,a,0,0,0,0,0,0,0,0
b,a,N,101364,41,-15,0,a,0,1,0,0,0,3859,3859,0
b,a,W,38068,66,-20,-3,a,0,0,0,0,0,0,0,0
a,a,W,52061,32,27,-20,a,0,0,0,0,0,0,0,0
a,b,N,30912,24,3,-58,a,0,1,0,0,0,1039,1039,0
a,a,W,16791,99,-4,10,a,0,0,0,0,0,0,0,0
a,b,N,7934,242,45,-3,a,0,0,0,0,0,0,0,0
b,a,W,36852,28,-4,-20,a,1,0,0,0,0,201,201,0
a,c,W,34679,338,14,24,b,0,0,0,0,0,0,0,0
a,a,N,11861,47,24,-8,a,1,0,0,0,0,32,32,0
a,b,N,39446,370,40,38,a,0,1,0,0,0,4534,4534,0
a,a,W,29007,96,-7,16,a,0,0,0,0,0,0,0,0
a,a,W,4767,89,-33,20,a,0,1,0,0,0,1652,1652,0
b,a,W,134558,1495,38,18,a,0,0,1,0,0,44355,22339,1
b,b,W,113074,490,5,10,a,0,1,0,0,0,1227,1227,0
a,a,N,9727,296,-53,-1,a,0,1,0,0,0,4085,4085,0
b,a,W,30435,190,-16,-23,a,0,1,0,0,0,1141,1141,0
b,a,W,31602,405,-25,35,a,1,0,0,0,0,844,844,0
a,c,N,40844,384,-26,-16,b,0,0,0,0,0,0,0,0
a,a,N,16851,325,-6,-10,a,0,0,0,0,0,0,0,0
a,a,N,13369,256,6,-4,b,0,0,0,0,0,0,0,0
a,c,W,25130,94,26,3,a,0,0,0,0,0,0,0,0
a,b,N,24944,861,-5,-37,a,0,1,0,0,0,4448,4448,0
a,a,N,33443,134,27,18,a,0,0,0,0,0,0,0,0
a,b,W,6680,186,-45,-13,b,1,0,0,0,0,389,389,0
a,a,N,18919,54,-12,0,a,0,0,0,0,0,0,0,0
a,a,N,24883,36,-18,0,c,0,1,0,0,0,8445,8445,0
a,b,W,2698,723,14,52,a,0,1,0,0,0,4132,4132,0
a,b,N,155695,3108,-9,61,a,0,0,1,0,0,20340,12594,1
a,a,W,49532,78,-2,-2,c,0,0,0,0,0,0,0,0
a,a,N,15698,257,-47,15,c,0,0,0,0,0,0,0,0
a,a,N,18743,352,-29,-8,a,0,1,0,0,0,4429,4429,0
b,b,N,141254,148,-9,-6,b,0,1,0,0,0,1965,1965,0
a,c,W,96109,56,-1,14,a,0,0,0,0,0,0,0,0
a,a,N,2045,134,-46,-14,b,0,1,0,0,0,1756,1756,0
a,b,N,31010,528,38,-54,b,0,1,0,0,0,3016,3016,0
a,a,N,13287,111,-33,-36,b,0,0,0,0,0,0,0,0
a,a,N,2397,128,-12,-15,b,0,0,0,0,0,0,0,0
a,a,W,128080,153,-5,25,a,0,1,0,0,0,1669,1669,0
b,a,N,12197,276,-12,-8,a,1,0,0,0,0,306,306,0
a,a,N,1868,833,-37,-28,a,0,0,0,0,0,0,0,0
a,c,N,74504,2244,187,17,a,0,0,1,0,0,58377,43665,1
a,a,N,29378,480,-9,-36,a,0,1,0,0,0,1705,1705,0
a,a,W,52169,102,18,8,a,1,0,0,0,0,744,744,0
a,b,W,1182,823,-6,11,a,0,0,0,0,0,0,0,0
a,a,W,14644,30,25,9,a,0,0,0,0,0,0,0,0
b,a,N,79035,319,-30,-17,b,0,0,0,0,0,0,0,0
b,a,W,45025,231,12,-2,a,0,0,0,0,0,0,0,0
a,b,W,30676,843,28,4,a,0,0,0,0,0,0,0,0
a,a,W,49694,1017,-14,0,a,0,1,0,0,0,6439,6439,0
b,a,N,129462,85,-18,26,a,0,0,0,0,0,0,0,0
a,a,N,69064,291,8,0,a,0,0,0,0,0,0,0,0
b,c,W,55960,1514,-6,-22,a,0,0,0,0,0,0,0,0
a,a,N,30641,12,31,21,a,0,1,0,0,0,2116,2116,0
c,a,N,11231,635,-3,-17,a,0,0,0,0,0,0,0,0
b,a,N,72746,450,10,32,a,0,1,0,0,0,3456,3456,0
a,a,W,18332,44,14,-17,a,0,0,0,0,0,0,0,0
a,a,N,2328,100,45,9,a,0,0,0,0,0,0,0,0
a,c,N,50598,233,-13,28,a,0,0,0,0,0,0,0,0
a,a,W,65146,1019,-14,5,a,0,0,0,0,0,0,0,0
a,b,N,8954,39,26,7,b,1,0,0,0,0,130,130,0
a,b,N,16152,251,-47,8,a,0,0,0,0,0,0,0,0
a,a,W,10764,1414,-1,-29,a,0,0,0,0,0,0,0,0
a,a,W,44268,294,49,20,a,0,0,0,0,0,0,0,0
a,b,N,18469,645,-23,-11,a,0,0,0,0,0,0,0,0
a,b,N,27267,280,-10,0,a,0,1,0,0,0,1682,1682,0
b,a,N,53762,129,21,22,b,0,1,0,0,0,1277,1277,0
a,a,W,43225,256,-38,-25,a,1,0,0,0,0,126,126,0
a,a,W,10332,541,-4,6,a,0,1,0,0,0,2276,2276,0
a,a,N,43838,251,-3,21,a,0,0,0,0,0,0,0,0
a,a,N,49016,808,-29,-3,a,0,0,0,0,0,0,0,0
a,c,N,253399,688,89,57,a,0,0,1,0,0,25800,12021,1
a,a,N,15934,186,5,-6,a,1,0,0,0,0,24,24,0
c,b,W,42807,141,-10,-9,a,0,0,0,0,0,0,0,0
a,a,N,92517,376,-12,-4,a,0,0,0,0,0,0,0,0
b,a,W,11195,76,-27,-11,b,0,1,0,0,0,1561,1561,0
a,b,W,1462,526,0,6,a,0,0,0,0,0,0,0,0
a,a,W,37701,25,17,-12,b,0,0,0,0,0,0,0,0
a,a,N,31517,380,-35,5,b,0,1,0,0,0,3933,3933,0
b,a,W,68864,730,10,17,a,0,1,0,0,0,1194,1194,0
a,a,W,11918,49,24,49,a,0,0,0,0,0,0,0,0
b,a,N,2640,816,5,6,a,0,1,0,0,0,1977,1977,0
a,c,N,28156,58,21,18,c,0,0,0,0,0,0,0,0
a,b,W,9979,1121,-43,17,a,0,0,1,0,0,10670,10670,0
a,a,N,10191,162,0,-23,b,0,1,0,0,0,1798,1798,0
a,b,W,20554,128,0,-26,a,0,1,0,0,0,2074,2074,0
a,a,N,107114,369,5,-50,b,0,0,0,0,0,0,0,0
a,a,W,2638,882,21,-1,a,0,0,0,0,0,0,0,0
a,a,W,55486,1011,29,-24,b,0,1,0,0,0,1874,1874,0
a,a,N,29345,44,33,16,a,0,1,0,0,0,5380,5380,0
a,a,N,141470,150,-6,2,a,0,0,0,0,0,0,0,0
a,a,N,15476,169,42,-25,a,0,0,0,0,0,0,0,0
a,a,W,1505,127,-14,42,a,0,0,0,0,0,0,0,0
a,a,W,55092,781,-53,-30,a,0,0,0,0,0,0,0,0
b,c,N,30100,29,42,-18,a,0,1,0,0,0,4172,4172,0
b,c,W,92977,307,1,-21,a,0,1,0,0,0,3119,3119,0
a,a,N,76386,250,17,13,a,0,0,0,0,0,0,0,0
a,a,W,22812,69,-21,10,a,0,0,0,0,0,0,0,0
a,b,W,60454,409,-25,-29,a,0,1,0,0,0,2943,2943,0
b,b,N,10432,727,34,-26,a,0,1,0,0,0,1396,1396,0
b,b,N,18181,10,-48,17,a,0,0,0,0,0,0,0,0
a,a,W,6661,147,1,-49,a,0,0,0,0,0,0,0,0
b,a,W,234040,716,57,59,a,0,1,0,0,0,30644,9049,1
a,a,W,56754,73,-5,7,b,1,0,0,0,0,678,678,0
a,a,W,8704,11,23,2,a,0,1,0,0,0,2454,2454,0
b,a,N,4766,285,17,-51,b,1,0,0,0,0,719,719,0
b,b,N,17929,10,-50,-21,a,0,1,0,0,0,2631,2631,0
b,b,N,149181,198,-30,4,a,0,1,0,0,0,2771,2771,0
a,a,W,3919,432,-54,-15,a,0,0,0,0,0,0,0,0
a,a,W,87713,166,-12,25,b,0,0,0,0,0,0,0,0
b,a,W,11561,594,-4,13,a,1,0,0,0,0,938,938,0
a,a,W,72964,160,44,12,a,0,0,0,0,0,0,0,0
a,a,N,19664,173,-4,5,a,1,0,0,0,0,184,184,0
a,b,N,20612,49,32,1,b,0,0,0,0,0,0,0,0
b,a,N,86416,299,36,22,a,0,0,1,0,0,93983,35889,1
b,b,W,7630,169,14,-6,b,0,1,0,0,0,1317,1317,0
a,b,N,19501,156,-44,-55,a,0,1,0,0,0,2414,2414,0
a,b,N,75013,688,17,-38,a,1,0,0,0,0,545,545,0
a,a,N,6757,94,10,36,a,1,0,0,0,0,695,695,0
a,a,N,19022,1033,44,-14,a,0,1,0,0,0,1890,1890,0
a,a,W,105637,217,59,5,b,0,1,0,0,0,1056,1056,0
a,a,W,11987,283,40,-11,a,0,1,0,0,0,1173,1173,0
b,a,N,64360,191,38,26,a,0,0,0,0,0,0,0,0
b,b,N,43620,354,0,-19,a,1,0,0,0,0,997,997,0
a,c,N,73480,128,7,6,a,0,0,0,0,0,0,0,0
b,b,N,84006,167,1,61,a,0,1,0,0,0,3750,3750,0
a,a,N,45370,60,-24,20,c,0,1,0,0,0,5062,5062,0
a,a,W,40215,23,-46,-27,a,0,0,0,0,0,0,0,0
b,a,N,68769,633,-27,19,a,0,0,0,0,0,0,0,0
a,a,N,15674,261,7,28,a,1,0,0,0,0,670,670,0
b,b,N,78788,208,-59,-28,a,0,1,0,0,0,5220,5220,0
a,a,W,37502,1026,15,3,a,0,1,0,0,0,1428,1428,0
b,a,W,14022,270,-24,-8,a,0,1,0,0,0,6141,6141,0
a,b,W,13290,662,-5,35,a,0,0,0,0,0,0,0,0
a,a,W,3271,717,-35,-15,a,0,0,0,0,0,0,0,0
a,c,W,5333,645,-74,-44,a,0,1,0,0,0,1160,1160,0
a,a,N,35131,100,-17,8,b,0,1,0,0,0,1743,1743,0
a,b,N,7847,474,14,-2,a,0,0,0,0,0,0,0,0
a,a,W,26851,251,-43,25,a,0,1,0,0,0,5680,5680,0
b,a,W,7142,167,0,11,a,0,1,0,0,0,2166,2166,0
b,a,W,18507,160,8,39,a,0,1,0,0,0,1103,1103,0
b,b,N,37891,228,-60,7,a,0,0,0,0,0,0,0,0
b,b,W,178526,395,90,68,b,0,0,1,0,0,32939,11481,1
b,a,W,3714,164,23,20,b,1,0,0,0,0,5,5,0
a,c,W,25947,709,-14,-14,a,0,1,0,0,0,4781,4781,0
b,b,N,6886,118,0,-15,a,0,0,0,0,0,0,0,0
b,a,W,42975,244,-24,5,a,0,1,0,0,0,2197,2197,0
a,a,N,22978,181,-40,-37,a,0,0,0,0,0,0,0,0
a,a,N,58265,327,-47,36,b,0,1,0,0,0,1147,1147,0
a,a,N,154249,376,46,-16,a,0,0,0,0,0,0,0,0
b,a,N,41318,1002,-36,13,a,0,0,0,0,0,0,0,0
a,a,N,8283,201,-47,3,a,0,1,0,0,0,4390,4390,0
c,a,W,2707,264,52,15,a,0,0,0,0,0,0,0,0
a,a,N,246588,602,43,44,b,0,0,1,0,0,91834,45813,1
a,a,N,32873,55,-49,12,a,0,1,0,0,0,2088,2088,0
c,c,N,6504,289,-3,13,b,0,0,0,0,0,0,0,0
a,a,W,55434,56,14,26,a,0,1,0,0,0,3346,3346,0
a,b,N,12985,569,31,6,a,0,0,0,0,0,0,0,0
a,a,N,9503,67,18,-3,a,0,0,0,0,0,0,0,0
b,a,N,72775,224,31,-71,a,0,1,0,0,0,1665,1665,0
a,b,W,2077,443,-37,16,a,0,0,0,0,0,0,0,0
a,a,N,7007,306,59,-8,a,0,0,0,0,0,0,0,0
a,a,N,34997,373,-37,47,b,0,1,0,0,0,3076,3076,0
a,a,N,34695,135,5,31,a,1,0,0,0,0,58,58,0
a,a,N,146753,390,-24,-25,b,0,0,0,0,0,0,0,0
b,a,N,31130,246,-30,5,c,0,1,0,0,0,1352,1352,0
a,a,N,10369,135,-6,49,a,1,0,0,0,0,435,435,0
b,a,N,39486,34,50,-73,a,0,1,0,0,0,3815,3815,0
a,b,W,9174,291,2,8,a,0,1,0,0,0,2567,2567,0
a,b,W,23971,415,-40,28,a,1,0,0,0,0,796,796,0
c,a,W,92506,192,-15,-44,a,0,0,0,0,0,0,0,0
a,a,N,14199,150,-3,35,a,0,0,0,0,0,0,0,0
a,a,W,334260,1095,94,70,a,0,0,1,0,0,38427,19843,1
c,b,N,22615,88,37,4,b,0,0,0,0,0,0,0,0
a,a,W,27998,228,-6,30,a,0,0,0,0,0,0,0,0
b,a,W,1109,633,13,30,c,0,0,0,0,0,0,0,0
a,a,N,8515,202,14,-18,a,0,0,0,0,0,0,0,0
a,b,N,23754,424,42,3,a,0,0,0,0,0,0,0,0
b,a,N,9492,234,-56,27,a,0,0,0,0,0,0,0,0
a,a,N,9033,381,-64,23,a,1,0,0,0,0,191,191,0
a,a,N,37556,726,-50,-30,a,0,1,0,0,0,1078,1078,0
a,a,W,43559,69,-53,28,a,1,0,0,0,0,902,902,0
a,a,N,34236,641,-15,5,a,0,0,0,0,0,0,0,0
a,a,W,21861,39,-6,-5,b,0,0,0,0,0,0,0,0
a,b,W,2632,707,5,-13,a,0,0,0,0,0,0,0,0
a,a,N,24489,240,6,-12,a,0,1,0,0,0,3577,3577,0
a,a,W,41622,718,-32,43,a,0,0,0,0,0,0,0,0
a,a,W,27472,222,4,-36,a,0,0,0,0,0,0,0,0
a,a,N,8985,48,-7,12,a,0,0,0,0,0,0,0,0
a,a,N,81200,455,7,-25,b,0,0,0,0,0,0,0,0
a,a,W,40042,21,-5,-16,a,0,1,0,0,0,3866,3866,0
b,a,W,3959,449,-32,-37,a,1,0,0,0,0,304,304,0
a,a,W,80575,15,-8,30,a,0,0,0,0,0,0,0,0
a,b,N,79037,47,-13,-43,a,0,0,0,0,0,0,0,0
a,a,N,14093,103,0,25,a,0,1,0,0,0,1129,1129,0
a,c,N,45182,23,20,7,a,0,0,0,0,0,0,0,0
a,a,W,1562,585,-12,9,a,0,1,0,0,0,1472,1472,0
b,a,N,18240,341,17,19,a,0,0,0,0,0,0,0,0
a,a,N,32291,242,25,8,a,0,1,0,0,0,1114,1114,0
a,a,W,123507,135,30,31,a,0,1,0,0,0,3184,3184,0
a,b,W,3494,144,-13,-27,a,0,1,0,0,0,5478,5478,0
a,c,W,31866,109,-2,8,b,0,0,0,0,0,0,0,0
a,a,N,3248,693,0,-14,a,1,0,0,0,0,77,77,0
a,a,N,2759,32,-29,11,a,0,0,0,0,0,0,0,0
c,b,N,47391,399,-19,-12,a,0,1,0,0,0,1107,1107,0
a,b,N,15650,63,-48,-7,a,1,0,0,0,0,668,668,0
a,c,N,11490,635,-1,10,a,0,0,0,0,0,0,0,0
a,a,N,104451,53,-6,-15,a,0,0,0,0,0,0,0,0
a,b,N,112191,36,-52,4,a,0,1,0,0,0,2063,2063,0
a,a,W,68463,206,6,19,a,0,0,0,0,0,0,0,0
c,a,N,51861,414,33,-26,a,0,0,0,0,0,0,0,0
a,a,N,9884,301,27,-15,b,0,0,0,0,0,0,0,0
a,a,W,42757,841,0,32,b,0,0,0,0,0,0,0,0
a,a,W,15897,125,12,-3,a,0,1,0,0,0,3952,3952,0
a,a,W,67570,114,-14,-13,b,1,0,0,0,0,15,15,0
a,a,W,34790,94,-26,2,c,0,1,0,0,0,4195,4195,0
b,a,N,17590,124,-33,-15,a,0,0,0,0,0,0,0,0
a,a,N,29891,241,28,-3,a,0,0,0,0,0,0,0,0
a,a,W,71288,183,27,-14,a,0,0,0,0,0,0,0,0
a,a,W,20398,40,-18,-6,b,0,0,0,0,0,0,0,0
a,b,N,44031,407,-21,14,a,0,0,0,0,0,0,0,0
a,a,W,15152,44,17,27,b,0,0,0,0,0,0,0,0
a,a,W,14750,227,14,13,a,0,0,0,0,0,0,0,0
a,c,N,1769,92,1,8,a,0,1,0,0,0,1565,1565,0
a,a,W,25950,232,19,-24,a,0,0,0,0,0,0,0,0
a,b,N,7997,38,6,-26,a,1,0,0,0,0,578,578,0
a,a,W,4351,78,55,-45,b,1,0,0,0,0,63,63,0
a,c,N,1794,1394,20,-27,a,0,0,0,0,0,0,0,0
a,a,W,79783,20,15,2,a,0,0,0,0,0,0,0,0
a,b,N,10495,97,63,24,a,0,0,0,0,0,0,0,0
a,a,N,14579,263,4,32,a,0,0,0,0,0,0,0,0
c,c,W,13699,182,43,8,a,1,0,0,0,0,136,136,0
a,a,W,56370,98,-50,-15,c,0,0,0,0,0,0,0,0
a,a,W,27561,494,-21,-28,a,0,0,0,0,0,0,0,0
a,a,W,2276,544,-29,-21,a,0,0,0,0,0,0,0,0
a,c,W,34423,192,23,13,b,1,0,0,0,0,79,79,0
b,a,N,291643,1445,80,85,b,0,0,1,0,0,46387,21920,1
a,a,N,4050,113,10,-12,a,0,0,0,0,0,0,0,0
b,a,N,9822,1560,-33,5,a,1,0,0,0,0,367,367,0
a,a,N,14734,168,-18,-3,a,0,0,0,0,0,0,0,0
a,a,W,17417,79,53,14,a,0,1,0,0,0,5600,5600,0
a,a,N,57581,392,-4,-24,a,0,0,0,0,0,0,0,0
a,c,N,95028,57,-18,-32,a,0,0,0,0,0,0,0,0
b,a,N,73682,1095,44,98,a,0,0,1,0,0,72233,23207,1
a,c,W,34415,368,-15,-2,b,1,0,0,0,0,697,697,0
b,a,W,118332,306,-15,19,b,0,0,0,0,0,0,0,0
a,b,N,20517,91,50,-25,a,1,0,0,0,0,8,8,0
a,a,W,59029,305,-17,53,b,0,0,0,0,0,0,0,0
b,a,N,13747,85,-18,-20,a,1,0,0,0,0,478,478,0
a,a,W,15040,203,-18,-52,a,0,0,0,0,0,0,0,0
a,a,W,6631,165,-6,7,a,1,0,0,0,0,217,217,0
b,c,W,7222,247,52,72,a,0,1,0,0,0,1992,1992,0
a,a,N,23095,414,-29,-8,a,0,0,0,0,0,0,0,0
a,b,W,1587,427,-47,30,a,1,0,0,0,0,544,544,0
b,a,N,2092,241,6,-31,a,0,1,0,0,0,5133,5133,0
a,a,W,59485,3833,61,89,a,0,0,1,0,0,95353,31115,1
a,a,N,68262,374,-33,16,a,1,0,0,0,0,195,195,0
a,a,N,19126,459,-19,-11,b,0,0,0,0,0,0,0,0
a,a,N,9097,163,10,-30,a,0,1,0,0,0,2695,2695,0
a,b,N,20467,132,-17,-15,a,0,0,0,0,0,0,0,0
a,b,N,224734,828,69,104,a,0,0,1,0,0,66030,24449,1
b,a,N,38427,498,-57,13,a,0,0,0,0,0,0,0,0
a,c,W,144370,1063,-19,73,a,0,0,1,0,0,100009,56509,1
b,a,N,19388,227,29,21,b,0,0,0,0,0,0,0,0
b,a,W,21042,44,0,-51,b,1,0,0,0,0,620,620,0
b,a,N,35227,89,26,-38,a,0,1,0,0,0,2536,2536,0
a,a,N,10582,198,28,6,a,1,0,0,0,0,446,446,0
a,a,W,60551,286,-79,-22,a,0,1,0,0,0,2798,2798,0
a,a,N,46269,282,13,-12,a,0,0,0,0,0,0,0,0
a,a,W,1040,109,5,12,a,0,0,0,0,0,0,0,0
a,a,N,19674,261,25,5,a,0,1,0,0,0,1568,1568,0
b,a,W,18963,155,8,-10,b,0,0,0,0,0,0,0,0
a,a,W,71338,878,-20,21,a,0,0,0,0,0,0,0,0
a,a,N,47221,292,-21,-21,a,1,0,0,0,0,372,372,0
a,a,W,49426,68,29,16,a,0,0,0,0,0,0,0,0
b,b,W,11382,186,57,-43,a,0,1,0,0,0,2152,2152,0
b,a,N,24793,318,-28,10,b,1,0,0,0,0,399,399,0
a,a,N,11918,159,42,21,a,1,0,0,0,0,656,656,0
a,b,N,2531,418,16,-14,a,0,0,0,0,0,0,0,0
b,a,W,657247,1808,22,82,a,0,0,0,1,0,219521,131546,1
a,b,W,14733,12,-41,30,a,0,1,0,0,0,2289,2289,0
a,a,W,5387,38,28,20,a,1,0,0,0,0,817,817,0
a,a,N,9740,218,19,-15,a,0,0,0,0,0,0,0,0
a,a,N,8370,393,-13,34,a,0,0,0,0,0,0,0,0
a,a,W,141237,153,13,-34,a,0,1,0,0,0,2035,2035,0
b,b,N,132516,188,20,27,a,0,0,0,0,0,0,0,0
a,a,N,13081,211,17,58,b,1,0,0,0,0,234,234,0
a,c,N,17668,157,1,20,a,0,1,0,0,0,1621,1621,0
a,a,N,135973,1168,61,58,a,0,0,1,0,0,50407,32741,1
a,c,N,1934,1389,-52,9,b,0,0,0,0,0,0,0,0
b,a,W,70463,1292,50,-37,b,1,0,0,0,0,586,586,0
b,a,W,21221,825,-2,32,a,0,1,0,0,0,1530,1530,0
a,a,N,23983,125,-60,3,a,0,1,0,0,0,3035,3035,0
b,a,N,20257,1223,40,-9,b,0,0,0,0,0,0,0,0
a,b,W,28381,837,-4,-15,c,0,0,0,0,0,0,0,0
a,a,W,6513,88,12,-17,a,0,1,0,0,0,1925,1925,0
b,a,W,17598,985,37,-14,b,1,0,0,0,0,788,788,0
a,a,W,14790,203,-9,-9,a,0,0,0,0,0,0,0,0
a,a,W,14051,277,27,5,a,1,0,0,0,0,808,808,0
a,a,N,261735,443,52,-4,a,0,0,1,0,0,141214,58592,1
a,b,W,67517,814,10,32,b,0,1,0,0,0,5308,5308,0
a,a,W,36266,229,11,-5,a,0,0,0,0,0,0,0,0
a,c,W,3794,292,-55,67,a,0,1,0,0,0,2289,2289,0
b,c,W,4268,42,2,-19,a,0,0,0,0,0,0,0,0
b,b,N,39776,860,47,-20,a,0,0,0,0,0,0,0,0
b,a,N,2722,132,51,10,b,0,1,0,0,0,2375,2375,0
a,a,W,83010,656,-29,19,a,0,1,0,0,0,1421,1421,0
a,a,W,36170,319,-4,12,a,0,1,0,0,0,1044,1044,0
a,c,N,26590,463,0,-22,a,0,0,0,0,0,0,0,0
a,c,W,34903,31,-67,29,a,0,0,0,0,0,0,0,0
b,a,W,65536,849,63,68,c,0,0,1,0,0,82900,41100,1
c,a,N,6851,362,22,10,a,0,0,0,0,0,0,0,0
a,b,N,101048,245,21,7,a,1,0,0,0,0,326,326,0
a,a,W,320813,2071,71,65,a,0,0,1,0,0,106599,73495,1
a,a,W,22510,474,-45,9,a,1,0,0,0,0,56,56,0
a,c,N,65848,585,24,-31,a,0,0,0,0,0,0,0,0
a,b,N,29655,145,18,-10,a,0,0,0,0,0,0,0,0
c,b,N,25095,281,-2,-2,b,0,1,0,0,0,3672,3672,0
a,a,W,64791,459,-23,11,a,0,0,0,0,0,0,0,0
a,a,W,54815,94,-76,-20,a,0,0,0,0,0,0,0,0
a,a,W,21568,23,-11,0,a,0,0,0,0,0,0,0,0
a,a,N,33829,542,2,-9,a,0,0,0,0,0,0,0,0
b,a,W,105224,1383,5,2,a,0,1,0,0,0,1323,1323,0
a,b,N,44311,186,-95,-6,b,0,0,0,0,0,0,0,0
a,b,W,36719,192,-10,10,a,0,1,0,0,0,1224,1224,0
a,a,N,30961,58,6,-9,a,0,0,0,0,0,0,0,0
a,a,W,121871,6572,85,6,a,0,0,1,0,0,53059,17002,1
a,a,N,8484,380,-15,-2,a,1,0,0,0,0,126,126,0
a,a,N,8776,724,0,-27,a,0,0,0,0,0,0,0,0
a,a,N,27363,226,40,4,a,0,0,0,0,0,0,0,0
a,a,N,37571,638,-17,6,a,0,0,0,0,0,0,0,0
a,a,W,222272,645,99,94,a,0,0,1,0,0,37840,25681,1
a,b,N,32307,1053,-40,1,a,0,0,0,0,0,0,0,0
a,a,W,5602,28,-16,-4,a,1,0,0,0,0,35,35,0
a,a,W,33122,49,-35,-3,b,0,0,0,0,0,0,0,0
c,b,N,26369,61,12,-1,a,0,0,0,0,0,0,0,0
a,a,N,47578,14,19,-12,a,0,1,0,0,0,4240,4240,0
a,c,W,23242,181,-34,-19,a,0,0,0,0,0,0,0,0
b,a,W,33854,701,-31,-4,a,1,0,0,0,0,733,733,0
a,b,W,15558,226,67,20,a,0,0,0,0,0,0,0,0
a,a,W,23899,284,-50,-26,a,0,0,0,0,0,0,0,0
a,a,W,25903,380,-22,-41,a,0,1,0,0,0,1684,1684,0
a,a,W,1817,341,28,23,a,0,0,0,0,0,0,0,0
a,c,W,12021,244,-54,40,a,0,0,0,0,0,0,0,0
c,a,N,5385,130,23,21,a,0,1,0,0,0,2581,2581,0
a,a,W,63085,562,-15,35,b,0,1,0,0,0,1671,1671,0
b,a,W,60272,379,-40,14,a,0,0,0,0,0,0,0,0
a,a,N,29401,504,38,-19,a,0,0,0,0,0,0,0,0
a,a,W,3841,261,37,6,a,0,1,0,0,0,1120,1120,0
b,c,W,46201,584,15,-7,a,0,0,0,0,0,0,0,0
a,c,N,23031,159,-11,-9,a,0,1,0,0,0,2573,2573,0
a,a,W,31866,758,-26,-18,a,1,0,0,0,0,589,589,0
a,a,W,111530,194,14,-23,a,1,0,0,0,0,467,467,0
b,a,N,58925,726,20,-37,a,0,1,0,0,0,3359,3359,0
a,a,N,5597,201,-17,19,a,0,1,0,0,0,1974,1974,0
a,a,W,174727,1551,104,36,a,0,0,1,0,0,44845,28051,1
a,b,N,83378,924,-20,-14,a,1,0,0,0,0,910,910,0
a,a,N,46800,1015,126,47,a,0,0,1,0,0,62573,21993,1
c,a,W,70013,12,3,-13,a,0,1,0,0,0,6787,6787,0
a,b,N,35446,641,-26,-1,a,0,0,0,0,0,0,0,0
a,a,N,199544,250,29,9,a,0,1,0,0,0,2411,2411,0
a,a,W,224100,70,-7,-12,c,0,1,0,0,0,2369,2369,0
a,b,W,26267,166,-28,-1,a,0,0,0,0,0,0,0,0
a,a,N,1274,27,-1,-43,a,0,0,0,0,0,0,0,0
a,a,N,20019,113,-14,-23,a,0,0,0,0,0,0,0,0
c,a,W,87336,458,40,-25,a,0,0,0,0,0,0,0,0
a,a,W,100230,304,-5,17,a,1,0,0,0,0,321,321,0
a,a,N,36117,682,23,-5,a,0,1,0,0,0,1773,1773,0
a,a,W,1742,203,-5,9,a,0,1,0,0,0,5351,5351,0
a,a,W,10688,20,35,-12,a,1,0,0,0,0,644,644,0
a,a,N,11979,651,12,13,a,0,0,0,0,0,0,0,0
a,b,N,11715,127,-3,-13,a,1,0,0,0,0,742,742,0
c,a,W,68272,431,-14,0,a,0,1,0,0,0,1456,1456,0
a,b,W,3101,347,-38,36,a,0,1,0,0,0,2911,2911,0
a,b,N,34683,267,26,15,a,0,0,0,0,0,0,0,0
a,b,W,166213,53,-22,1,a,0,0,0,0,0,0,0,0
a,a,N,17077,658,-26,-17,a,0,0,0,0,0,0,0,0
a,a,W,2781,213,-9,27,a,0,0,0,0,0,0,0,0
a,a,W,20664,58,13,-20,a,0,0,0,0,0,0,0,0
a,b,W,16989,190,-7,-32,a,0,0,0,0,0,0,0,0
a,a,N,57253,195,0,-28,a,0,0,0,0,0,0,0,0
b,b,N,74813,473,45,50,a,0,1,0,0,0,17078,8109,1
a,a,W,32876,147,22,35,a,0,1,0,0,0,2442,2442,0
a,a,W,302280,1802,89,97,b,0,0,1,0,0,79587,37443,1
b,a,N,23347,388,-2,7,a,0,1,0,0,0,4179,4179,0
a,a,N,6272,162,-23,16,a,0,0,0,0,0,0,0,0
a,a,W,74101,233,-9,15,a,0,1,0,0,0,4401,4401,0
a,b,N,4536,95,20,8,a,0,0,0,0,0,0,0,0
a,a,N,22117,453,44,28,a,0,0,0,0,0,0,0,0
a,a,W,11765,167,-1,15,a,0,1,0,0,0,1795,1795,0
a,a,W,43263,410,-16,29,a,0,0,0,0,0,0,0,0
a,a,N,110795,1530,10,-9,a,0,0,0,0,0,0,0,0
a,a,N,61647,380,55,14,a,1,0,0,0,0,281,281,0
a,b,W,6184,94,-22,16,a,1,0,0,0,0,429,429,0
a,b,N,39542,324,-21,42,a,0,0,0,0,0,0,0,0
b,b,W,45101,703,-47,35,a,1,0,0,0,0,275,275,0
b,a,W,3036,349,22,0,a,1,0,0,0,0,795,795,0
a,a,N,6680,173,-19,-33,a,0,0,0,0,0,0,0,0
a,b,W,5119,1073,-1,7,b,0,1,0,0,0,1706,1706,0
a,a,W,24277,118,4,-18,a,0,0,0,0,0,0,0,0
b,a,W,6188,22,1,-50,a,1,0,0,0,0,954,954,0
b,b,W,49592,74,-49,3,a,0,0,0,0,0,0,0,0
a,b,W,4508,175,54,26,a,0,1,0,0,0,4933,4933,0
a,a,N,1030,1182,52,-6,a,0,1,0,0,0,1043,1043,0
b,a,W,168008,928,-21,62,a,0,0,1,0,0,61958,21203,1
a,a,W,73577,653,-8,-16,a,1,0,0,0,0,516,516,0
a,a,W,5252,549,42,-20,a,0,0,0,0,0,0,0,0
a,a,N,14858,307,26,-2,b,0,1,0,0,0,2158,2158,0
a,a,W,13747,75,31,-17,a,0,0,0,0,0,0,0,0
a,a,W,39894,404,33,34,c,0,0,0,0,0,0,0,0
a,b,W,117134,1029,30,-27,a,0,0,0,0,0,0,0,0
a,b,W,91538,69,38,-7,c,1,0,0,0,0,171,171,0
